language,pair_id,review_family,original,corrupted,source_correct,corruption_incorrect,only_intended_change,valid_alternative,notes,reviewer
ca,194acfe702f8179d19fa36f8,adjective_gender,"Sèrbia va adoptar una nova bandera amb els mateixos colors que la bandera de Sèrbia i Montenegro (amb les tres barres de colors en un ordre diferent), però hi va incloure l'escut de Sèrbia desfigurat.","Sèrbia va adoptar una nou bandera amb els mateixos colors que la bandera de Sèrbia i Montenegro (amb les tres barres de colors en un ordre diferent), però hi va incloure l'escut de Sèrbia desfigurat.",,,,,,
ca,2d7503370744d65b6301a96e,adjective_gender,"Per tant, el to més intens tendeix a emmascarar el to més dèbil.","Per tant, el to més intensa tendeix a emmascarar el to més dèbil.",,,,,,
ca,292fd44fd495100965a4186c,adjective_gender,En cas d'empat es pren en compte el segon millor llançament.,En cas d'empat es pren en compte el segona millor llançament.,,,,,,
ca,cd2da451599ed98d94164b2e,adjective_gender,L'aeroport més pròxim és el de Zúric.,L'aeroport més pròxima és el de Zúric.,,,,,,
ca,47be503a30a502b7668eaab3,adjective_gender,Tots els objectes recuperats es posen a la venda a la nau que fa de botiga a canvi d'una donació mínima.,Tots els objectes recuperats es posen a la venda a la nau que fa de botiga a canvi d'una donació mínim.,,,,,,
ca,28eac0f2998972668021c84d,adjective_number,L'incident va ser notícia nacional en el seu moment.,L'incident va ser notícia nacionals en el seu moment.,,,,,,
ca,5795524c0a67316c68bcd681,adjective_number,"Després de la dissolució de Sèrbia i Montenegro, els dos estats successors van adoptar les seves pròpies banderes.","Després de la dissolució de Sèrbia i Montenegro, els dos estats successors van adoptar les seves pròpia banderes.",,,,,,
ca,89227bb24a2132be60dac107,adjective_number,"La primera estació que trobem després de travessar el túnel de Toses és La Molina, a 1420 metres d'altitud.","La primeres estació que trobem després de travessar el túnel de Toses és La Molina, a 1420 metres d'altitud.",,,,,,
ca,0230bf78319fd31aaf0e3322,adjective_number,"Els principals elements de l'ecosistema són els clients de PC, els dispositius i els servidors.","Els principal elements de l'ecosistema són els clients de PC, els dispositius i els servidors.",,,,,,
ca,0d473e454e83d65f4c6e1a03,adjective_number,Aquestes acusacions suggereixen que les seves suposades mostres de cristianisme eren interessades i potser corresponien a la necessitat d'encoratjar a les tropes pròpies.,Aquestes acusacions suggereixen que les seves suposades mostres de cristianisme eren interessades i potser corresponien a la necessitat d'encoratjar a les tropes pròpia.,,,,,,
ca,544ffdd4027fa82718d9ca64,determiner_gender,"Barcelona és un disc enregistrat per Freddie Mercury, líder de la banda britànica Queen, amb la soprano catalana Montserrat Caballé.","Barcelona és una disc enregistrat per Freddie Mercury, líder de la banda britànica Queen, amb la soprano catalana Montserrat Caballé.",,,,,,
ca,bc92a0427bbd43a5354ae38f,determiner_gender,La pertorbació succeeix quan es produeixen ejeccions de massa de la corona solar.,La pertorbació succeeix quan es produeixen ejeccions de massa de el corona solar.,,,,,,
ca,4fbc5c6c6acd1c077b115fe8,determiner_gender,"Durant la producció d'un so sonor, els moviments d'obertura i tancament glotals es repeteixen successivament (cicles glotals), to creant una ona glotal.","Durant la producció d'un so sonor, els moviments d'obertura i tancament glotals es repeteixen successivament (cicles glotals), to creant un ona glotal.",,,,,,
ca,20bfebb292fe4e86e7f3a9d7,determiner_gender,"Una cosmovisió defineix nocions comunes, que s'apliquen a tots els camps de la vida, des de la política, l'economia o la ciència fins a la religió, la moral o la filosofia.","Una cosmovisió defineix nocions comunes, que s'apliquen a tots els camps de la vida, des de la política, l'economia o la ciència fins a la religió, el moral o la filosofia.",,,,,,
ca,ab760f107f548984fe781d30,determiner_gender,Roman Polanski ha dit que la fotografia en blanc i negre és un accident de la tecnologia i prefereix fer servir el color.,Roman Polanski ha dit que la fotografia en blanc i negre és un accident de el tecnologia i prefereix fer servir el color.,,,,,,
ca,89018b15e8edf19df2857d76,determiner_number,"El 1997 el RCD Espanyol es va traslladar a l'Estadi Olímpic de Montjuïc per jugar els seus partits com a local, en substitució de l'Estadi de Sarrià.","El 1997 el RCD Espanyol es va traslladar a l'Estadi Olímpic de Montjuïc per jugar el seus partits com a local, en substitució de l'Estadi de Sarrià.",,,,,,
ca,e9d94f5b58edecb52ffcb651,determiner_number,El 1230 el rei Jaume I va nomenar el primer almirall de Catalunya i Mallorca un membre de la família Carròs.,El 1230 el rei Jaume I va nomenar el primer almirall de Catalunya i Mallorca uns membre de la família Carròs.,,,,,,
ca,2fa4eeb2923934aefc817845,determiner_number,"En el context de l'àrea d'estudis, la comunitat europea i l'americana tenen usos diferents.","En els context de l'àrea d'estudis, la comunitat europea i l'americana tenen usos diferents.",,,,,,
ca,a417c804fc101819751d465f,determiner_number,"A l'oest sobrepassat el coll, es troba el Montgrí.","A l'oest sobrepassat els coll, es troba el Montgrí.",,,,,,
ca,bd461afbc0bf03301af7bd02,determiner_number,"El turisme hi està encara poc desenvolupat, a la ciutat, tot i ser important en el conjunt de la governació.","Els turisme hi està encara poc desenvolupat, a la ciutat, tot i ser important en el conjunt de la governació.",,,,,,
ca,6867f5d72be8799adf8d1b99,governed_infinitive,"Els mascles poden assolir 4,8 cm de llargària total.","Els mascles poden assoliràs 4,8 cm de llargària total.",,,,,,
ca,2a8ced69a24a3b6cbe21abb3,governed_infinitive,Les femelles poden assolir 9 cm de llargària total.,Les femelles poden assoliràs 9 cm de llargària total.,,,,,,
ca,3c15493e74179b5e3deff0f0,governed_infinitive,"Els mascles poden assolir 15,2 cm de llargària total.","Els mascles poden assoliràs 15,2 cm de llargària total.",,,,,,
ca,df427e0fc29cf157a00e2449,governed_infinitive,"Els mascles poden assolir els 3,2 cm de longitud total.","Els mascles poden assoliràs els 3,2 cm de longitud total.",,,,,,
ca,c3b1215e26eb8e7ca6f2ebcb,governed_infinitive,"Els mascles poden assolir 5,9 cm de llargària total.","Els mascles poden assoliràs 5,9 cm de llargària total.",,,,,,
ca,76c06501861a21639a5804c9,perfect_verb_form,"Com a teòfor, també el duen molts musulmans no arabòfons que l'han adaptat a les característiques fòniques i gràfiques de la seva llengua.","Com a teòfor, també el duen molts musulmans no arabòfons que l'han adaptar a les característiques fòniques i gràfiques de la seva llengua.",,,,,,
ca,2ecffe14c272c9e7d54ac0ba,perfect_verb_form,L'Estadística ha desenvolupat mètodes que permeten fer inferència a partir de dades quantitatives.,L'Estadística ha desenvolupar mètodes que permeten fer inferència a partir de dades quantitatives.,,,,,,
ca,b7208609829751edbf0ec146,perfect_verb_form,S'hi han trobat algunes restes corresponents a l'Imperi Part.,S'hi han trobar algunes restes corresponents a l'Imperi Part.,,,,,,
ca,ba33445adda5b452f3f6612f,perfect_verb_form,"La llista ha rebut crítiques diverses, ja que en molts casos no es va tenir en compte un criteri tècnic o artístic sinó un criteri d'èxit comercial.","La llista ha rebre crítiques diverses, ja que en molts casos no es va tenir en compte un criteri tècnic o artístic sinó un criteri d'èxit comercial.",,,,,,
ca,1e1cd17a270b3eb4c86f32b4,perfect_verb_form,"Malgrat que no hi ha unanimitat, molts estudiosos moderns creuen que el nombre de guerrers en els dos costats en les invasions era molt menor que el que s'ha cregut tradicionalment.","Malgrat que no hi ha unanimitat, molts estudiosos moderns creuen que el nombre de guerrers en els dos costats en les invasions era molt menor que el que s'ha creure tradicionalment.",,,,,,
ca,0aced1cc9d847f751baf8f84,spelling,"L'interior és cobert amb volta de canó, reforçada per tres arcs torals de mig punt deformats.","L'interior és cobert amb volta de canó, reforada per tres arcs torals de mig punt deformats.",,,,,,
ca,b345de34fcd45169630d3377,spelling,Planeja molt menys que els corbs i les gralles de muntanya.,Planeja molt menys que els crobs i les gralles de muntanya.,,,,,,
ca,50e27fb100ad324764611b51,spelling,"Tots els imants permanents són ferromagnètics o ferrimagnètics, en tant que atreuen els metalls.","Tots els imants permanents són ferromagnètics o ferrimagnetics, en tant que atreuen els metalls.",,,,,,
ca,db92e970bf4a0f72eeed3b54,spelling,"A vegades, existeixen diverses opcions vàlides que donen lloc a alineaments òptims alternatius, tots ells vàlids.","A vegades, existeixen diverses opcions vàlides que donen lloc a alineaments òptims alternatius, tots ells valids.",,,,,,
ca,3f0735ff3140a993fcbaf345,spelling,"A vegades, alguns autors o grups comparteixen unes similituds estilístiques que permeten fer un subgrup.","A vegades, alguns autors o grups comparteixen unes similituds estliístiques que permeten fer un subgrup.",,,,,,
ca,760d6b54e19e328211b4dff7,verb_number_agreement,"Tots ells tenen la característica de ser hidrolases, és a dir, enzims que catalitzen reaccions en les quals s'afegeixen o s'eliminen molècules d'aigua.","Tots ells té la característica de ser hidrolases, és a dir, enzims que catalitzen reaccions en les quals s'afegeixen o s'eliminen molècules d'aigua.",,,,,,
ca,a6ee9605b6ee2456e42d78f5,verb_number_agreement,"Amb el col·lapse de la Unió Soviètica el 1991, la ciutat va passar a formar part de la Ucraïna independent.","Amb el col·lapse de la Unió Soviètica el 1991, la ciutat van passar a formar part de la Ucraïna independent.",,,,,,
ca,b3a444613eb4295775101967,verb_number_agreement,Els jocs de paraules que no funcionen en l'alt alemany ens indiquen que el llibre va ser escrit en baix alemany i traduït a l'alt alemany per tal de trobar un públic més ampli.,Els jocs de paraules que no funcionen en l'alt alemany ens indiquen que el llibre van ser escrit en baix alemany i traduït a l'alt alemany per tal de trobar un públic més ampli.,,,,,,
ca,31048a455214d11781ac8ded,verb_number_agreement,Per commemorar aquesta desgràcia es van representar dones a les columnes.,Per commemorar aquesta desgràcia es va representar dones a les columnes.,,,,,,
ca,4fc8116b0fab17feddf7c52e,verb_number_agreement,La ciutat vella té una muralla i cinc portes.,La ciutat vella tenen una muralla i cinc portes.,,,,,,
ca,d75624d728ba20e8a1938d36,verb_person_agreement,"Ell no és un home religiós (com hi abundaven en l'època), però és una persona espiritual, probablement perquè la seva mare és cristiana i el seu pare musulmà.","Ell no ets un home religiós (com hi abundaven en l'època), però és una persona espiritual, probablement perquè la seva mare és cristiana i el seu pare musulmà.",,,,,,
ca,2174dc398980cd4f4a04c2f4,verb_person_agreement,Ells haurien organitzat els primers Jocs Olímpics per distreure el déu infant.,Ells hauríem organitzat els primers Jocs Olímpics per distreure el déu infant.,,,,,,
cs,6d312e150676dc9b8ef96fa9,adjective_case,"Navíc islám vychází z tradičního judaismu a ani ten reinkarnaci, která je přirozeným prvkem knihy mrtvých, neuznává.","Navíc islám vychází z tradičního judaismu a ani ten reinkarnaci, která je přirozeném prvkem knihy mrtvých, neuznává.",,,,,,
cs,56be8337c8130ffbe2e07c12,adjective_case,"K peřině tak často bývají přirovnávány mraky, pěna na pivu, různé druhy oblečení a další věci.","K peřině tak často bývají přirovnávány mraky, pěna na pivu, různým druhy oblečení a další věci.",,,,,,
cs,bc82d878969a62dbf077a1ef,adjective_case,"Když začnou deště, brouk otevře svůj kokon, najde si partnera a celý cyklus začne znova.","Když začnou deště, brouk otevře svůj kokon, najde si partnera a celém cyklus začne znova.",,,,,,
cs,a21f9aafe798767f67f039e0,adjective_case,"Protože je trasa velmi členitá a obsahu velké množství mostů a tunelů, je dálnice po celé délce zpoplatněna mýtem.","Protože je trasa velmi členitá a obsahu velké množství mostů a tunelů, je dálnice po celou délce zpoplatněna mýtem.",,,,,,
cs,4db4c5228219d466added500,adjective_case,"Celá lokalita leží v údolní nivě Voldušského potoka, od něhož je odvozen název chráněného území.","Celou lokalita leží v údolní nivě Voldušského potoka, od něhož je odvozen název chráněného území.",,,,,,
cs,b6fcad17992c330833a08940,adjective_gender,"Bitva o Kollaa je významné střetnutí zimní války, které se odehrálo v Ladožské Karélii.","Bitva o Kollaa je významný střetnutí zimní války, které se odehrálo v Ladožské Karélii.",,,,,,
cs,40b99c976ce5807cd074fa2c,adjective_gender,I pro své povznesení hledá vědecké vysvětlení.,I pro své povznesení hledá vědecký vysvětlení.,,,,,,
cs,233914e611cbb94570220d78,adjective_gender,"Toto označení je tedy spojeno s mezinárodní politikou, a proto je jeho časté používání k označení typu nedemokratické vlády chybné.","Toto označení je tedy spojeno s mezinárodní politikou, a proto je jeho častý používání k označení typu nedemokratické vlády chybné.",,,,,,
cs,a992f0c67fc88a559a0139dc,adjective_gender,Kartouza je obecné označení pro klášter řádu kartuziánů.,Kartouza je obecný označení pro klášter řádu kartuziánů.,,,,,,
cs,6ce964871d91f6a49fa4b0ad,adjective_gender,"V osobě Vladimira Leviho se čtenář seznamuje s vynikajícím sovětským psychologem, vědcem a spisovatelem, který se už od svého mládí podílí na formování tehdejší moderní sovětské psychologie.","V osobě Vladimira Leviho se čtenář seznamuje s vynikajícím sovětským psychologem, vědcem a spisovatelem, který se už od svého mládí podílí na formování tehdejší moderní sovětského psychologie.",,,,,,
cs,b8277958e7fd058cf8fbbf96,adjective_number,Každý stav popisuje stav automatu v konkrétním časovém okamžiku.,Každý stav popisuje stav automatu v konkrétních časovém okamžiku.,,,,,,
cs,0bd761c0e338841c3442a7cb,adjective_number,"V závěru filmu oba kolegové přijíždějí k bytu ženy, která má údajně informace o Catherine a Beth z doby jejich studia na vysoké škole.","V závěru filmu oba kolegové přijíždějí k bytu ženy, která má údajně informace o Catherine a Beth z doby jejich studia na vysokých škole.",,,,,,
cs,1a7afad5e221a1f35cec244a,adjective_number,"Šupinovité nadzemní listy přítomné případně pod květenstvím nejsou dužnaté, jsou široce vejčité, přes 1 cm dlouhé.","Šupinovité nadzemní listy přítomný případně pod květenstvím nejsou dužnaté, jsou široce vejčité, přes 1 cm dlouhé.",,,,,,
cs,0c748f639c2b4cc6ee6d2007,adjective_number,"Ke svalovému stahu je nutná nejprve excitace, v případě kosterního svalu pomocí somatické nervové soustavy.","Ke svalovému stahu je nutná nejprve excitace, v případě kosterních svalu pomocí somatické nervové soustavy.",,,,,,
cs,b02752f12d9fe60200ce5863,adjective_number,"Tanhá je také tématem Druhé vznešené pravdy, ve které se praví, že touha je základní příčinou veškerého utrpení.","Tanhá je také tématem Druhé vznešené pravdy, ve které se praví, že touha je základními příčinou veškerého utrpení.",,,,,,
cs,80ff2fb9db27bb747e7f3b1b,determiner_case,Většina těchto spojů dovoluje turistům nastoupit nebo vystoupit na vybraných zastávkách.,Většina těmito spojů dovoluje turistům nastoupit nebo vystoupit na vybraných zastávkách.,,,,,,
cs,3acb1dca36b6e19078f0fd1d,determiner_case,"Muslimové věří, že během této noci byl poprvé proroku Muhammadovi zjeven Korán.","Muslimové věří, že během touto noci byl poprvé proroku Muhammadovi zjeven Korán.",,,,,,
cs,72af49435bf1a9decf2d985c,determiner_case,Do této zapomenuté divočiny se vydávají pouze ti nejodvážnější.,Do touto zapomenuté divočiny se vydávají pouze ti nejodvážnější.,,,,,,
cs,b3615c3bd81e92b9cc6b1ca8,determiner_case,"Tuto teorii není možné brát jinak, než jako čistě hypotetickou a nedoložitelnou.","Touto teorii není možné brát jinak, než jako čistě hypotetickou a nedoložitelnou.",,,,,,
cs,8cba7215b7c2a080847b2424,determiner_case,"Šířka šelfu je velmi rozdílná, od několika kilometrů až po 1300 km.","Šířka šelfu je velmi rozdílná, od několik kilometrů až po 1300 km.",,,,,,
cs,c22c6f729a71df8e4ffc2736,determiner_gender,"Deklarativ značí, že výrok je pravdivý, aniž by bylo zároveň činěno nějaké posuzování.","Deklarativ značí, že výrok je pravdivý, aniž by bylo zároveň činěno nějaký posuzování.",,,,,,
cs,e8414b30812f66ffcc85aa51,determiner_gender,Tato relace je částečným uspořádáním výrokových formulí.,Toto relace je částečným uspořádáním výrokových formulí.,,,,,,
cs,5dd7c606d5455caad751a52e,determiner_gender,Mladé larvy ve svém prvním vývojovém stadiu tuto směs substrátu a granulí požírají.,Mladé larvy ve svém prvním vývojovém stadiu toto směs substrátu a granulí požírají.,,,,,,
cs,1cedd659b5130304a1dd094e,determiner_gender,"V Česku chovají tento druh tři zoo: Zoo Praha, Zoo Dvůr Králové a od roku 2019 také Zoo Ostrava.","V Česku chovají tato druh tři zoo: Zoo Praha, Zoo Dvůr Králové a od roku 2019 také Zoo Ostrava.",,,,,,
cs,630ad11eb439828377bfeb36,determiner_gender,"Jeho hrdinové jsou čestní a vlastenci, toto pojetí dramatu ovlivnilo celý klasicismus.","Jeho hrdinové jsou čestní a vlastenci, tento pojetí dramatu ovlivnilo celý klasicismus.",,,,,,
cs,517025e943eadb6b4e83a9ea,determiner_number,Zaměňování obou názvů však nepřináší žádné praktické potíže.,Zaměňování obou názvů však nepřináší žádnou praktické potíže.,,,,,,
cs,cc4a39591bbb65f96fe7600c,determiner_number,Tato píseň je jedna z nejvíce charakterizujících tuto zpěvačku a stala se jednou z jejích nejúspěšnějších v kariéře.,Tyto píseň je jedna z nejvíce charakterizujících tuto zpěvačku a stala se jednou z jejích nejúspěšnějších v kariéře.,,,,,,
cs,19388cc00d962d0432602244,determiner_number,"Stejně tak se věřilo, že v tuto dobu může živý navštívit podsvětí.","Stejně tak se věřilo, že v tyto dobu může živý navštívit podsvětí.",,,,,,
cs,d5e8e619f0b10535b26fe4de,determiner_number,"Tato fakta naznačují, že se zřejmě mohl odvážit i na kořist, která byla podstatně větší než on.","Toto fakta naznačují, že se zřejmě mohl odvážit i na kořist, která byla podstatně větší než on.",,,,,,
cs,63eaa3ccf30b63a63abd7dbc,determiner_number,"Tohoto papouška v České republice odchovává v současné době řada chovatelů, proto je dostupný i cenově.","Tyto papouška v České republice odchovává v současné době řada chovatelů, proto je dostupný i cenově.",,,,,,
cs,4e750c5d6a738479ef817d22,governed_infinitive,"To znamená, že pěšec po proměně může okamžitě dát šach nebo mat.","To znamená, že pěšec po proměně může okamžitě dal šach nebo mat.",,,,,,
cs,bad56e5540de1e5746de5463,governed_infinitive,"Zápočty se pak mohou hodnotit jako Splnil, či Nesplnil.","Zápočty se pak mohou hodnotí jako Splnil, či Nesplnil.",,,,,,
cs,3d9d0b4a5f3e2e8de314011d,governed_infinitive,Pro všechny uživatele na serveru se místo uživatelského jména může použít hvězdička.,Pro všechny uživatele na serveru se místo uživatelského jména může použije hvězdička.,,,,,,
cs,4b194e55f3ad66b69a4719c9,governed_infinitive,To může vést k hyperplazii a následnému vzniku nádoru.,To může vedete k hyperplazii a následnému vzniku nádoru.,,,,,,
cs,6ab6ce724f1827785f1b7289,governed_infinitive,Díky tomu mohou jejich uživatelé plnohodnotně spolupracovat.,Díky tomu mohou jejich uživatelé plnohodnotně spolupracují.,,,,,,
cs,10cff9081e6dd74b45618349,preposition_case,"Po rozvodu rodičů, Peter a Kar Wai Li Leung, bydlí Katie s otcem.","Po rozvodu rodičů, Peter a Kar Wai Li Leung, bydlí Katie s otce.",,,,,,
cs,e507fa37b5567ba1a1a6f8f1,preposition_case,Gulyás je vždy podáván s bílým chlebem.,Gulyás je vždy podáván s bílým chlebu.,,,,,,
cs,2f49251d20c42c1031c874b8,preposition_case,"Potom se v příběhu objeví Alice Burgessová a Debie Rulíková a oznamují Darrenovi, že jdou do Upíří hory projednat s knížaty další postup Války jizev ve prospěch lidí.","Potom se v příběhu objeví Alice Burgessová a Debie Rulíková a oznamují Darrenovi, že jdou do Upíří hora projednat s knížaty další postup Války jizev ve prospěch lidí.",,,,,,
cs,377a58cbf8fe858cf7439798,preposition_case,"Od roku 1997 je Palác lidu sídlem parlamentu, tří muzeí a dalších institucí, ale přesto nebyly až dvě třetiny prostoru paláce nikdy využity.","Od roce 1997 je Palác lidu sídlem parlamentu, tří muzeí a dalších institucí, ale přesto nebyly až dvě třetiny prostoru paláce nikdy využity.",,,,,,
cs,361ea6130ff36282518f00e0,preposition_case,Mnohostranná smlouva platí do roku 2030 až 2040 (po vypovězení platí 20 let).,Mnohostranná smlouva platí do roce 2030 až 2040 (po vypovězení platí 20 let).,,,,,,
cs,7f9bf873303d68fa749acf60,spelling,"Možnost ukládání dat je realizována skrze kazetové rozhraní počítače, pro načítání a ukládání programů v rychlosti 1200 bit/s.","Možnost ukládání dat je realizována skrze kazetové rozhraní počítače, pro načítání a ukádání programů v rychlosti 1200 bit/s.",,,,,,
cs,316febca182f5b9717b24234,spelling,Pistole Beretta model 92 je poloautomatická pistole navržená a vyráběná firmou Beretta v Itálii.,Pistole Beretta mdel 92 je poloautomatická pistole navržená a vyráběná firmou Beretta v Itálii.,,,,,,
cs,f5fcb97294d54ec0916c064c,spelling,"Také je hrozně snadné ho vytočit, čehož zneužívají Faj a Mokona.","Take je hrozně snadné ho vytočit, čehož zneužívají Faj a Mokona.",,,,,,
cs,fc985964a9c1c8257c0113f2,spelling,"Zebra Grévyho obývá hlavně savany, křovinaté oblasti a polopouště východní Afriky.","Zebra Grévyho obývá havně savany, křovinaté oblasti a polopouště východní Afriky.",,,,,,
cs,10e8351bc983426b955d5a6e,spelling,"Navíc je brzlík protkán množstvím cév a odvodnou lymfoidní tkání, která vtéká do mediastinálních lymfatických uzlin.","Navíc je brzlík protkán množstvím cév a odvdnou lymfoidní tkání, která vtéká do mediastinálních lymfatických uzlin.",,,,,,
cs,d5fff5f15a98b9554106a870,verb_number_agreement,"Jana Kláru ošetřuje, avšak i ona je unavená.","Jana Kláru ošetřuje, avšak i ona jsou unavená.",,,,,,
cs,41a894c13f66cbc79bb7b30e,verb_number_agreement,"Mnozí autoři považují název Kumáni (Polovci, Plavci) jen za alternativní označení pro všechny Kypčaky, kterého se používalo v západních textech.","Mnozí autoři považuje název Kumáni (Polovci, Plavci) jen za alternativní označení pro všechny Kypčaky, kterého se používalo v západních textech.",,,,,,
cs,4297b7e0de303d1ffe9eb667,verb_number_agreement,"Kniha je postavená na představivosti, symbolice, autor své postavy oděl do téměř pohádkově fantaskních podob, které jsou nezřídka dávány do protikladů.","Kniha jsou postavená na představivosti, symbolice, autor své postavy oděl do téměř pohádkově fantaskních podob, které jsou nezřídka dávány do protikladů.",,,,,,
cs,3f76556ed863fd83e6380cc0,verb_number_agreement,"To má terapeutickou hodnotu v případě, že já je pod silným vlivem nějakého nevědomého archetypu.","To má terapeutickou hodnotu v případě, že já jsou pod silným vlivem nějakého nevědomého archetypu.",,,,,,
cs,5e375566a3b5419cc44b8781,verb_number_agreement,"A i když o tom neví, i on je tajně zamilovaný do ní.","A i když o tom neví, i on jsou tajně zamilovaný do ní.",,,,,,
de,89adcef9005c3842b88c3a41,adjective_case,"Die Hochebene war bereits in urgeschichtlicher Zeit besiedelt, wie zahlreiche Spuren menschlichen Lebens beweisen.","Die Hochebene war bereits in urgeschichtlicher Zeit besiedelt, wie zahlreiche Spuren menschlichem Lebens beweisen.",,,,,,
de,0c6121ebdc0a07f1850fc57c,adjective_case,Larissa (andere Namensformen sind Larisa oder Larysa) ist ein weiblicher Vorname.,Larissa (andere Namensformen sind Larisa oder Larysa) ist ein weiblichem Vorname.,,,,,,
de,64b6ba658136c0fd7fdfea91,adjective_case,"Schrum ist ein kleines Dorf, das weitgehend von landwirtschaftlichen Betrieben und Pferdezucht geprägt und von ruhigen, beschaulichen Wegen durch Wald und Wiesen umgeben ist.","Schrum ist ein kleinem Dorf, das weitgehend von landwirtschaftlichen Betrieben und Pferdezucht geprägt und von ruhigen, beschaulichen Wegen durch Wald und Wiesen umgeben ist.",,,,,,
de,2da450792e29dbbe6093e325,adjective_case,Dieser befand sich westlich des eigentlichen Ortes.,Dieser befand sich westlich des eigentlichem Ortes.,,,,,,
de,a15767ee46e666535d5b0377,adjective_case,Der alte türkische Name des Dorfes war Kaschl-Dere (bulg. Кашлъ-дере).,Der altem türkische Name des Dorfes war Kaschl-Dere (bulg. Кашлъ-дере).,,,,,,
de,66b54ff966e0507954f7b6f6,adjective_gender,Die erste Nennung Schilksees geht auf den hier damals lebenden Adligen Thimmo de Skildekesse zurück.,Die erstes Nennung Schilksees geht auf den hier damals lebenden Adligen Thimmo de Skildekesse zurück.,,,,,,
de,b35cfa00d4da4d1307288091,adjective_gender,Nach einem zweiten Rücktritt folgte ein zweites Comeback.,Nach einem zweites Rücktritt folgte ein zweites Comeback.,,,,,,
de,c0dd540041750021e11211e4,adjective_gender,Ein möglicher Nachteil dieses Konzepts liegt in der Vernachlässigung der Zwischenräume.,Ein mögliches Nachteil dieses Konzepts liegt in der Vernachlässigung der Zwischenräume.,,,,,,
de,ff975068e416ead9ab240ba7,adjective_gender,Durch langfristige Bestimmung von Koordinaten der Radioteleskope können die Bewegungen der Kontinente durch die Plattentektonik bestimmt werden.,Durch langfristiges Bestimmung von Koordinaten der Radioteleskope können die Bewegungen der Kontinente durch die Plattentektonik bestimmt werden.,,,,,,
de,00300d84f7556da6efe3cd63,adjective_gender,Nach seinem Medizinstudium und seiner Promotion (1910) arbeitete er in Akron (Ohio) als praktischer Arzt.,Nach seinem Medizinstudium und seiner Promotion (1910) arbeitete er in Akron (Ohio) als praktisches Arzt.,,,,,,
de,24a6a3e36936590e4f2e2fd0,adjective_number,Das Album erreichte wieder Platz 1 in verschiedenen alternativen Charts auf der ganzen Welt.,Das Album erreichte wieder Platz 1 in verschiedenem alternativen Charts auf der ganzen Welt.,,,,,,
de,caaa7949aa068f60cf073996,adjective_number,Die Personalstärke beträgt nach eigenen Angaben ca. 3.000 Mitarbeiter.,Die Personalstärke beträgt nach eigenem Angaben ca. 3.000 Mitarbeiter.,,,,,,
de,73a54b7841d0b5db8e365650,adjective_number,"Der Verband repräsentiert nach eigenen Angaben die Interessen von etwa 1,6 Millionen jungen Menschen in Europa.","Der Verband repräsentiert nach eigenem Angaben die Interessen von etwa 1,6 Millionen jungen Menschen in Europa.",,,,,,
de,b8cacd743b472f509ba0fd96,adjective_number,"Er war bisher an über 40 Alben beteiligt, arbeitet an mehreren eigenen Projekten und war Bandmitglied bei Vengeance.","Er war bisher an über 40 Alben beteiligt, arbeitet an mehreren eigenem Projekten und war Bandmitglied bei Vengeance.",,,,,,
de,530fc4c1f0d5f68b507048ab,adjective_number,"Diese Aktion war sozusagen ziviler Ungehorsam gegen den Maulkorb, der ihm seitens des Senders und der Hamburgischen Anstalt für neue Medien verpasst worden war.","Diese Aktion war sozusagen ziviler Ungehorsam gegen den Maulkorb, der ihm seitens des Senders und der Hamburgischen Anstalt für neues Medien verpasst worden war.",,,,,,
de,5eef74d3efb2997f0187ccaf,determiner_case,Über die Ursprünge des Namens ist jedoch nichts Zuverlässiges bekannt.,Über die Ursprünge den Namens ist jedoch nichts Zuverlässiges bekannt.,,,,,,
de,27eb9061c2244b018423b83d,determiner_case,Poppenlauer hatte einen Bahnhof an der Bahnstrecke Rottershausen–Stadtlauringen.,Poppenlauer hatte einem Bahnhof an der Bahnstrecke Rottershausen–Stadtlauringen.,,,,,,
de,3856f854273fd573012eafbd,determiner_case,"Wessen Ei ganz blieb, war Sieger und gewann das Exemplar des Gegners.","Wessen Ei ganz blieb, war Sieger und gewann das Exemplar den Gegners.",,,,,,
de,89b207ab08489f4b4b60a74c,determiner_case,"Der Name der Stadt Cotonou ist abgeleitet aus Ku-Tonu, was in der Sprache der Fon etwa Mündung des Todesflusses bedeutet.","Dem Name der Stadt Cotonou ist abgeleitet aus Ku-Tonu, was in der Sprache der Fon etwa Mündung des Todesflusses bedeutet.",,,,,,
de,a2e91ee2e8650999a4b16831,determiner_case,Die BBC war nie Eigentümer des Gebäudes.,Die BBC war nie Eigentümer das Gebäudes.,,,,,,
de,b2a7a06cb622bbc0ad4942ad,determiner_gender,Die Sudbury Valley School ist eine demokratische Schule.,Die Sudbury Valley School ist eines demokratische Schule.,,,,,,
de,4776b20a09fcfcb40dbe0541,determiner_gender,Einfache Varianten arbeiten auf der Basis der Quelldateien und ersetzen so genannte Makroaufrufe mit vorgefertigten Textbausteinen.,Einfache Varianten arbeiten auf des Basis der Quelldateien und ersetzen so genannte Makroaufrufe mit vorgefertigten Textbausteinen.,,,,,,
de,1fef22fea3b4879f52fc53d7,determiner_gender,"Andere Studien deuten jedoch darauf hin, dass der Papyrus selbst keine Stärke enthielt und diese hinzugefügt wurde.","Andere Studien deuten jedoch darauf hin, dass der Papyrus selbst kein Stärke enthielt und diese hinzugefügt wurde.",,,,,,
de,e4f68f36363b2bdab0a88aa5,determiner_gender,"Die Gemeinschaft verehrt, wie jede Nichiren-Schule, das Lotos-Sūtra (jap. Hokke-kyō) als den höchsten Ausdruck der buddhistischen Botschaft.","Das Gemeinschaft verehrt, wie jede Nichiren-Schule, das Lotos-Sūtra (jap. Hokke-kyō) als den höchsten Ausdruck der buddhistischen Botschaft.",,,,,,
de,1d2645edb6b768ca9214f9b2,determiner_gender,"Lato pros Kamara, der Hafen von Lato, befand sich an der Stelle der heutigen Stadt Agios Nikolaos.","Lato pros Kamara, der Hafen von Lato, befand sich an des Stelle der heutigen Stadt Agios Nikolaos.",,,,,,
de,8ff64289b9d4adaa72f8774b,determiner_number,"Da die CSU lediglich in Bayern, die CDU in den anderen Bundesländern antritt, ist die CSU-Landesgruppe gleichzusetzen mit der CSU-Teilfraktion innerhalb der Unionsfraktion.","Da die CSU lediglich in Bayern, die CDU in den anderem Bundesländern antritt, ist die CSU-Landesgruppe gleichzusetzen mit der CSU-Teilfraktion innerhalb der Unionsfraktion.",,,,,,
de,62518ed8ec35ca82b275d52d,determiner_number,"In den allermeisten Fällen sind Expertensysteme wissensbasierte Systeme, auch wenn diese rein theoretisch nach anderen Prinzipien entwickelt sein könnten.","In den allermeisten Fällen sind Expertensysteme wissensbasierte Systeme, auch wenn diese rein theoretisch nach anderem Prinzipien entwickelt sein könnten.",,,,,,
de,0f0b3e583a0b6d4cf6cee510,determiner_number,"Die Portugiesen sind die Staatsbürger Portugals und deren Nachkommen, die sich in anderen Ländern als eigene Ethnie definieren.","Die Portugiesen sind die Staatsbürger Portugals und deren Nachkommen, die sich in anderem Ländern als eigene Ethnie definieren.",,,,,,
de,93bf5ba3eaa9d4bbd335b677,determiner_number,"Bei einigen anderen Arten ist die Datenlage so dürftig, dass sie womöglich ebenfalls verschwunden sind.","Bei einigen anderem Arten ist die Datenlage so dürftig, dass sie womöglich ebenfalls verschwunden sind.",,,,,,
de,124fb23396f787c7d05295f9,determiner_number,"Nach der Volkszählung von 2012 lebten 1.135.428 Menschen in Kigali, weniger als in den anderen Provinzen.","Nach der Volkszählung von 2012 lebten 1.135.428 Menschen in Kigali, weniger als in den anderem Provinzen.",,,,,,
de,c35ecfd740c4f4b88101f464,governed_infinitive,Falls nötig muss der DDE-Client den benötigten Server-Prozess starten.,Falls nötig muss der DDE-Client den benötigten Server-Prozess startest.,,,,,,
de,23761f7c20718b4cf6c13c22,governed_infinitive,Auch künstliche Erdsatelliten können in die Sichtlinie zwischen einem Beobachter auf der Erde und der Sonne oder dem Mond geraten.,Auch künstliche Erdsatelliten können in die Sichtlinie zwischen einem Beobachter auf der Erde und der Sonne oder dem Mond geratet.,,,,,,
de,884e312c99a126c00d24dec9,governed_infinitive,"Babylon muss brennen, Artikel von Ellen Köhlings und Pete Lilly über Capleton und Beenie Man in der taz, 30.","Babylon muss branntet, Artikel von Ellen Köhlings und Pete Lilly über Capleton und Beenie Man in der taz, 30.",,,,,,
de,779121754962a6c07c22e758,governed_infinitive,Durch den eingeschränkten Neigungswinkel nach oben kann man sie nur bedingt auf dem Tisch stehend einsetzen.,Durch den eingeschränkten Neigungswinkel nach oben kann man sie nur bedingt auf dem Tisch stehend einsetzt.,,,,,,
de,3dbae19f3e5842a5f655f9d9,governed_infinitive,Sie können bis zu acht Minuten unter Wasser bleiben.,Sie können bis zu acht Minuten unter Wasser bliebt.,,,,,,
de,be23267e9a6adfa38b65f8ce,perfect_verb_form,Auf vielen Alben hat Arjen Lucassen als Gastmusiker (meist als Gitarrist) mitgewirkt.,Auf vielen Alben hat Arjen Lucassen als Gastmusiker (meist als Gitarrist) mitwirken.,,,,,,
de,006a200824a9bd6bfee881dc,perfect_verb_form,"Er lebte mit seiner Ehefrau Lorraine zuletzt in einem Altenheim und betreute dort die Bibliothek, die er dem Altenheim geschenkt hatte.","Er lebte mit seiner Ehefrau Lorraine zuletzt in einem Altenheim und betreute dort die Bibliothek, die er dem Altenheim schenken hatte.",,,,,,
de,b678bb05ab847332d93ca02e,perfect_verb_form,Sie hatte sich besonders für den Anfangs- und den Sachunterricht engagiert.,Sie hatte sich besonders für den Anfangs- und den Sachunterricht engagieren.,,,,,,
de,de8d6f6621cbd7baaeaad4cf,perfect_verb_form,"Der Zugang erfolgt über eine noch gut erhaltene historische Brücke – es dürfte eine der wenigen sein, die das Hochwasser 2002 überlebt haben.","Der Zugang erfolgt über eine noch gut erhaltene historische Brücke – es dürfte eine der wenigen sein, die das Hochwasser 2002 überleben haben.",,,,,,
de,9a8672e5711eb595f4b83bc4,perfect_verb_form,"Takuto, der überlebt hat, macht Frank für den Tod der beiden verantwortlich und will sich rächen.","Takuto, der überleben hat, macht Frank für den Tod der beiden verantwortlich und will sich rächen.",,,,,,
de,63938fc44d02482edb9002fa,preposition_case,"Die meisten Stücke sind dabei selbst getextet und komponiert, für manche Lieder wurden Anleihen bei alten Meistern, etwa John Dowland, gemacht.","Die meisten Stücke sind dabei selbst getextet und komponiert, für manche Liedern wurden Anleihen bei alten Meistern, etwa John Dowland, gemacht.",,,,,,
de,eb8b3758eb367f7d1cd5b457,preposition_case,Innerhalb der CDU jedoch sorgte die Aktion für Streit.,Innerhalb der CDU jedoch sorgte die Aktion für Streites.,,,,,,
de,c12a3cc66d8f4d3a0bb62350,preposition_case,"In Redding wurde 2004 die 213 Meter lange Sundial Bridge errichtet, die für Besucher ein sehenswerter Zwischenstopp ist.","In Redding wurde 2004 die 213 Meter lange Sundial Bridge errichtet, die für Besuchern ein sehenswerter Zwischenstopp ist.",,,,,,
de,eba93fb84df9ffc1114402c6,preposition_case,Die für den Betrieb des Hotels benötigte Anschlussstelle Spich der A 59 ging 1996 in Betrieb.,Die für den Betriebes des Hotels benötigte Anschlussstelle Spich der A 59 ging 1996 in Betrieb.,,,,,,
de,e73b86561a93a40a9baadcb3,preposition_case,Zu einem nicht genau bekannten Zeitpunkt wurde aus dem Spitznamen die offizielle Bezeichnung.,Zu einem nicht genau bekannten Zeitpunkt wurde aus dem Spitznamens die offizielle Bezeichnung.,,,,,,
de,44673893d4ae3c8cbaa961ff,spelling,"Mehrheitswahl findet statt, wenn kein oder nur ein Wahlvorschlag eingereicht wurde.","Mehrheitswahl findet statt, wenn kein oder nur ein Wahlovrschlag eingereicht wurde.",,,,,,
de,75d9e83a34b2f3925dc3c432,spelling,"Unter der Bezirksliga bestehen als höchste Liga auf Kreisebene 10 A-Klassen, denen insgesamt 20 B-Klassen und 29 C-Klassen untergeordnet sind.","Unter der Bezirksliga bestehen als höchste Liga auf Kreisebene 10 A-Klasesn, denen insgesamt 20 B-Klassen und 29 C-Klassen untergeordnet sind.",,,,,,
de,d6383cf74cf1fe5ada08afad,spelling,"Die Dreiländerhalle ist eine Mehrzweck-Veranstaltungshalle in Passau, Ortsteil Kohlbruck.","Die Dreiländerhalle ist eine Mehrzwek-Veranstaltungshalle in Passau, Ortsteil Kohlbruck.",,,,,,
de,75f8a9dbaf1c96ed1abafd52,spelling,Österreich verbündete sich mit Venedig und begann Krieg gegen die Osmanen.,Österreich vrbündete sich mit Venedig und begann Krieg gegen die Osmanen.,,,,,,
de,359ca968d7e485298f1256c4,spelling,"Muggensturm absolvierte eine Berufslehre als Maschinenzeichner, war dann einige Jahre als Konstrukteur in den Bereichen Düsentriebwerkbau und Elektronik tätig.","Muggensturm absolvierte eine Berufslehre als Mascihnenzeichner, war dann einige Jahre als Konstrukteur in den Bereichen Düsentriebwerkbau und Elektronik tätig.",,,,,,
de,eec6e6caf666ed9faf0f68b7,verb_number_agreement,"Die monatliche Miete betrug 10 Dollar, insgesamt musste er 800 Dollar für diesen Neubeginn investieren.","Die monatliche Miete betrug 10 Dollar, insgesamt mussten er 800 Dollar für diesen Neubeginn investieren.",,,,,,
de,b341ba60c326737b8e2f302d,verb_number_agreement,Neben den Kronen erbte er aber auch den Krieg mit Albrecht I. und den von Władysław I. Ellenlang angeführten Aufstand in Polen sowie Unruhen in Ungarn.,Neben den Kronen erbten er aber auch den Krieg mit Albrecht I. und den von Władysław I. Ellenlang angeführten Aufstand in Polen sowie Unruhen in Ungarn.,,,,,,
de,bc1642a7eba2cd7e61bda34c,verb_number_agreement,"Er verhandelt mit dem Anführer der Verschwörer, bei dem es sich um den Commander Grant Frost handelt, und behauptet, die Beweise für die Tat gefunden zu haben.","Er verhandelt mit dem Anführer der Verschwörer, bei dem es sich um den Commander Grant Frost handeln, und behauptet, die Beweise für die Tat gefunden zu haben.",,,,,,
de,d0d7ff809a961f433cd4f114,verb_number_agreement,"Als Peter erwachsen wurde, weigerte er sich allerdings, die Ehe zu vollziehen.","Als Peter erwachsen wurde, weigerten er sich allerdings, die Ehe zu vollziehen.",,,,,,
de,2915e5321ab1e2d0c7b3aaf5,verb_number_agreement,In Frankreich schloss er sich dem Club Dijon an.,In Frankreich schlossen er sich dem Club Dijon an.,,,,,,
de,f5264c3193e2d4ed90c61241,verb_person_agreement,"Er bringt es aber nicht über sich, sich ihr zu erkennen zu geben.","Er bringst es aber nicht über sich, sich ihr zu erkennen zu geben.",,,,,,
de,e288ffe082d097c081a6b560,verb_person_agreement,Dort leitete er 1966/67 den Ausschuss für Gesundheitsschutz.,Dort leitetest er 1966/67 den Ausschuss für Gesundheitsschutz.,,,,,,
de,63df0d780a7a96535a45a749,verb_person_agreement,"Dabei galt er zu Beginn seiner Karriere als Regisseur, der Schauspielern zu Charakterrollen verhalf.","Dabei galtest er zu Beginn seiner Karriere als Regisseur, der Schauspielern zu Charakterrollen verhalf.",,,,,,
de,4183e84cf4ad7cd2017a63b9,verb_person_agreement,"Bei den Luftrettungsmitteln handelt es sich um Hubschrauber und Flächenflugzeuge, die in der Luftrettung eingesetzt werden.","Bei den Luftrettungsmitteln handelst es sich um Hubschrauber und Flächenflugzeuge, die in der Luftrettung eingesetzt werden.",,,,,,
de,fe4f52612b4f0d6d0a0292fd,verb_person_agreement,"Man kann zeigen, dass es stets konvex ist.","Man kann zeigen, dass es stets konvex bin.",,,,,,
fr,9cd63191494ba1247c28e8ae,adjective_gender,Son principal aéroport était situé à Vilnius.,Son principale aéroport était situé à Vilnius.,,,,,,
fr,49e2b72440a113ed469f5a17,adjective_gender,Ce nombre est en nette diminution par rapport à 2000 (6) et à 1988 (13).,Ce nombre est en net diminution par rapport à 2000 (6) et à 1988 (13).,,,,,,
fr,81dac9b82bb45fbc595853af,adjective_gender,Le coût total est estimé à 254 milliards de francs CFA (quatre cents millions d'euros).,Le coût totale est estimé à 254 milliards de francs CFA (quatre cents millions d'euros).,,,,,,
fr,2b74bf8367ac9fb1db479642,adjective_gender,Ces richesses font actuellement l'objet d'un important projet de restauration (2017).,Ces richesses font actuellement l'objet d'un importante projet de restauration (2017).,,,,,,
fr,e9ea119a702985c34b948dc7,adjective_gender,La troisième génération utilise et développe des interventions formatrices telles que le laboratoire de changement en tant que ressource méthodologique centrale.,La troisième génération utilise et développe des interventions formatrices telles que le laboratoire de changement en tant que ressource méthodologique central.,,,,,,
fr,963837590f3ecb4a35dba9fb,adjective_number,Les alevins constituent une partie très importante de la consommation alimentaire de la truite.,Les alevins constituent une partie très importante de la consommation alimentaires de la truite.,,,,,,
fr,712f023ac3c3608bf8de3bb3,adjective_number,"Dans les années précédant la chute de l’Union soviétique, il s’est beaucoup impliqué dans les affaires sociales géorgiennes.","Dans les années précédant la chute de l’Union soviétiques, il s’est beaucoup impliqué dans les affaires sociales géorgiennes.",,,,,,
fr,fa1825d2c014b196adf2e9c8,adjective_number,"Dans les premiers numéros de la revue, les BD occupent la deuxième, mais aussi la troisième et la quatrième de couverture.","Dans les premier numéros de la revue, les BD occupent la deuxième, mais aussi la troisième et la quatrième de couverture.",,,,,,
fr,3f7254f65ac6e8800d02be73,adjective_number,Des courbes de Lissajous étaient projetés sur des oscilloscopes afin de simuler des équipements de haute technologie dans les films et séries de science-fiction dans les années 1960 et 1970.,Des courbes de Lissajous étaient projetés sur des oscilloscopes afin de simuler des équipements de hautes technologie dans les films et séries de science-fiction dans les années 1960 et 1970.,,,,,,
fr,5e0fc46aabf1b8a55fdb49a2,adjective_number,Le nombre total de logements privés à Grand-Métis est de 225.,Le nombre totaux de logements privés à Grand-Métis est de 225.,,,,,,
fr,eb124de53f2737ebe7a4303e,determiner_gender,Il va la chercher chez la mère de celle-ci qui refuse de la lui rendre.,Il va la chercher chez le mère de celle-ci qui refuse de la lui rendre.,,,,,,
fr,592bddb95c2cf31f0a9fac57,determiner_gender,"Ces îles ont en commun une même monnaie, le dollar américain.","Ces îles ont en commun une même monnaie, la dollar américain.",,,,,,
fr,e089490c706ce31cf0a4ae1b,determiner_gender,Préhy est une commune française située dans le département de l'Yonne en région Bourgogne-Franche-Comté.,Préhy est une commune française située dans la département de l'Yonne en région Bourgogne-Franche-Comté.,,,,,,
fr,aab2020bf6a28ca31dcd0517,determiner_gender,"La largeur est une dimension spatiale, qui peut être mesurée à l'aide d'unités de longueur, telles que celles identifiées par le Système international d'unités, le mètre et ses multiples.","La largeur est une dimension spatiale, qui peut être mesurée à l'aide d'unités de longueur, telles que celles identifiées par le Système international d'unités, la mètre et ses multiples.",,,,,,
fr,d49663788e6f9718bd48f24b,determiner_gender,"Ensuite, la critique se montra pour le moins mitigée, regrettant notamment que le jeu souffre de très nombreux bugs (le beta-test, très court, ne fut effectué que par une minuscule équipe de deux personnes).","Ensuite, la critique se montra pour le moins mitigée, regrettant notamment que la jeu souffre de très nombreux bugs (le beta-test, très court, ne fut effectué que par une minuscule équipe de deux personnes).",,,,,,
fr,a2753025e6e90d93f6383b19,determiner_number,"Dans certaines zones rurales, les feuilles sont utilisées, par macération, pour teinter en vert certaines boissons alcoolisées.","Dans certaine zones rurales, les feuilles sont utilisées, par macération, pour teinter en vert certaines boissons alcoolisées.",,,,,,
fr,07fd8bbb8755cd3ee9ae6719,determiner_number,"Ayant perdu sa mère quelques jours après sa naissance, Edward Burne-Jones est élevé par son père, à Birmingham, où il passe les vingt premières années de sa vie.","Ayant perdu sa mère quelque jours après sa naissance, Edward Burne-Jones est élevé par son père, à Birmingham, où il passe les vingt premières années de sa vie.",,,,,,
fr,ce695219d3055dec16e01d67,determiner_number,Ils offrent en effet un témoignage extraordinaire sur les mœurs de l'époque tant en ce qui concerne certaines formes de criminalité que maints usages de la vie quotidienne.,Ils offrent en effet un témoignage extraordinaire sur les mœurs de l'époque tant en ce qui concerne certaine formes de criminalité que maints usages de la vie quotidienne.,,,,,,
fr,220de9eb71fc76e5eb36d57e,determiner_number,"Dans certains jeux, les boss peuvent évoluer et perdre leur point faible.","Dans certain jeux, les boss peuvent évoluer et perdre leur point faible.",,,,,,
fr,153d182fb3285f9efaea2c19,determiner_number,"Selon certains documents découverts à cette occasion, le groupuscule islamique auteur de l'attentat aurait été manipulé par les services secrets égyptiens.","Selon certain documents découverts à cette occasion, le groupuscule islamique auteur de l'attentat aurait été manipulé par les services secrets égyptiens.",,,,,,
fr,878fb8f477bf16aeda0e67e6,governed_infinitive,On peut trouver la cellule de la prison dans la cave.,On peut trouveraient la cellule de la prison dans la cave.,,,,,,
fr,fd77137398b271b008d09e9c,governed_infinitive,"Les conséquences de la littoralisation sont une concentration croissante de population sur les côtes, ce qui est à la fois un avantage (ces populations peuvent plus facilement travailler donc vivre) et un inconvénient.","Les conséquences de la littoralisation sont une concentration croissante de population sur les côtes, ce qui est à la fois un avantage (ces populations peuvent plus facilement travaillâtes donc vivre) et un inconvénient.",,,,,,
fr,af110abd61f6fd4abf494e93,governed_infinitive,Un gîte peut accueillir une dizaine de personnes.,Un gîte peut accueillerait une dizaine de personnes.,,,,,,
fr,921d057ce30424615d48f1b5,governed_infinitive,"La veille technologique ne doit pas prendre trop de votre temps pour finalement, ne déboucher sur aucune décision, aucune amélioration.","La veille technologique ne doit pas prenez trop de votre temps pour finalement, ne déboucher sur aucune décision, aucune amélioration.",,,,,,
fr,1d603f73e9e5287bbcb9964d,governed_infinitive,Les troubles visuels ou auditifs pris en charge par l’ophtalmologiste ou l’ORL peuvent nécessiter des aides basse-vision ou des appareillages auditifs.,Les troubles visuels ou auditifs pris en charge par l’ophtalmologiste ou l’ORL peuvent nécessiterez des aides basse-vision ou des appareillages auditifs.,,,,,,
fr,df7bbe63574b6e630f98ffd9,perfect_verb_form,Un lexique a été rajouté dans les dernières pages de ces rééditions.,Un lexique a été rajouter dans les dernières pages de ces rééditions.,,,,,,
fr,8fc70dbf7252b65cbff31535,perfect_verb_form,"Cette définition suppose qu'une juridiction, qui a eu, à la suite de cette erreur, connaissance de l'affaire, puisse trouver cette erreur et la neutraliser.","Cette définition suppose qu'une juridiction, qui a avoir, à la suite de cette erreur, connaissance de l'affaire, puisse trouver cette erreur et la neutraliser.",,,,,,
fr,30e63df3e41317fafe6386da,perfect_verb_form,Elle commence peu de temps avant le lancement et s'achève dans le caisson de quarantaine où les astronautes ont été mis à leur retour sur Terre.,Elle commence peu de temps avant le lancement et s'achève dans le caisson de quarantaine où les astronautes ont été mettre à leur retour sur Terre.,,,,,,
fr,b5c3346df41ba635a9bc8d37,perfect_verb_form,Le prieuré a été fondé par la famille de Courcy.,Le prieuré a été fonder par la famille de Courcy.,,,,,,
fr,89f291e850a8003889af454f,perfect_verb_form,On a observé jusqu’à 600 de ces insectes par spathe.,On a observer jusqu’à 600 de ces insectes par spathe.,,,,,,
fr,9f5f2bb7df174ed3eef5fc4c,spelling,Les travailleurs y sont plus exposés dans le cas de mines souterraines.,Les travailleurs y sont plus exposés dans le cas de mines soutreraines.,,,,,,
fr,f5b1791f0deedc91b503086f,spelling,"Le gogol est approximativement égal à la factorielle 70 (≈1,198×10100).","Le gool est approximativement égal à la factorielle 70 (≈1,198×10100).",,,,,,
fr,2d9e4a900b31f7a3f8455c20,spelling,"Le lendemain de la projection, la décision était prise de recommencer en 1999.","Le lendemain de la projection, la décision était pirse de recommencer en 1999.",,,,,,
fr,51cd2889c04965866a461c1a,spelling,"Le canton d'Argentré-du-Plessis est une ancienne division administrative française, située dans le département d'Ille-et-Vilaine et la région Bretagne.","Le canton d'Argentré-du-Plessis est une ancienne division administrative fraçnaise, située dans le département d'Ille-et-Vilaine et la région Bretagne.",,,,,,
fr,a1181e9a1636a38b0bedb3c8,spelling,"Jusque dans les années 1960, la commune vit principalement de l'économie de subsistance traditionnelle (élevage et produits laitiers, céréaliculture, arbres fruitiers).","Jusque dans les anneés 1960, la commune vit principalement de l'économie de subsistance traditionnelle (élevage et produits laitiers, céréaliculture, arbres fruitiers).",,,,,,
fr,3ee44b1c932a437b4434a882,verb_number_agreement,"Par ailleurs la commune fait partie de l'aire d'attraction de Bourges, dont elle est une commune de la couronne.","Par ailleurs la commune fait partie de l'aire d'attraction de Bourges, dont elle sont une commune de la couronne.",,,,,,
fr,e39bfb8a6c8268f076130ab4,verb_number_agreement,L'auteur considère que l'économie mondiale est représentée comme un ensemble d'actifs principalement monétaires et financiers.,L'auteur considèrent que l'économie mondiale est représentée comme un ensemble d'actifs principalement monétaires et financiers.,,,,,,
fr,8feca20663c2b713912c9f80,verb_number_agreement,"Elle en revient dès avril 834, après la fuite de Lothaire et la restauration de Louis le Pieux.","Elle en reviennent dès avril 834, après la fuite de Lothaire et la restauration de Louis le Pieux.",,,,,,
fr,9694aae9e10c39bf6075a7ad,verb_number_agreement,Elle aurait trompé son royal époux avec l'évêque Grégoire de Tours.,Elle auraient trompé son royal époux avec l'évêque Grégoire de Tours.,,,,,,
fr,771ebc570e24d779dda61c7e,verb_number_agreement,"Il s'enfuit avec, ajoutant qu'ils sont bien bêtes de lui avoir donné avant qu'il n'achève sa tâche.","Il s'enfuit avec, ajoutant qu'ils est bien bêtes de lui avoir donné avant qu'il n'achève sa tâche.",,,,,,
fr,b101dece849416416dc63150,verb_person_agreement,"Il convient tout d'abord de reconstruire le chinois médiéval de l'époque de la dynastie Sui, pour lequel nous avons davantage de documents.","Il convient tout d'abord de reconstruire le chinois médiéval de l'époque de la dynastie Sui, pour lequel nous ont davantage de documents.",,,,,,
fr,6b85fce248e299452245f11a,verb_person_agreement,"D'après sa mine complètement déconcertée et sa marche chancelante, il a du mal à s'en remettre.","D'après sa mine complètement déconcertée et sa marche chancelante, il ai du mal à s'en remettre.",,,,,,
fr,9133279ef1510837af5edd5f,verb_person_agreement,"Elles peuvent être fossilisés par endroits par des dépôts de versant périglaciaires, des dunes.","Elles pouvez être fossilisés par endroits par des dépôts de versant périglaciaires, des dunes.",,,,,,
fr,5d22f3cf5b456ed6079a2ebd,verb_person_agreement,Il est situé en majorité dans le Chablais vaudois.,Il suis situé en majorité dans le Chablais vaudois.,,,,,,
fr,fa52a5c2b0983f05631d2e20,verb_person_agreement,"Il lui affirme clairement qu'il n'est en aucun cas devenu un agent double, mais qu'en revanche il a décidé de prendre sa retraite et de partir.","Il lui affirme clairement qu'il n'suis en aucun cas devenu un agent double, mais qu'en revanche il a décidé de prendre sa retraite et de partir.",,,,,,
it,eceea9a406455b40eca03f49,adjective_gender,"Lo scafo era a ponte continuo, con un bordo libero mediamente elevato ma senza castello prodiero.","Lo scafo era a ponte continuo, con un bordo libera mediamente elevato ma senza castello prodiero.",,,,,,
it,1428171ee236a13a70a03ffd,adjective_gender,La gara si era svolta una sola volta ad Amsterdam 1928 e poi non era stata più confermata.,La gara si era svolta una solo volta ad Amsterdam 1928 e poi non era stata più confermata.,,,,,,
it,90b2d1a493d43c992077d6ea,adjective_gender,I siti analoghi in altre lingue hanno in alcuni casi sfruttato lo stesso gioco di parole.,I siti analoghi in altre lingue hanno in alcuni casi sfruttato lo stessa gioco di parole.,,,,,,
it,e3c098de140ff7a9f632c454,adjective_gender,La coda è generalmente tagliata la prima settimana di nascita lasciandone circa 2- 3 vertebre.,La coda è generalmente tagliata la primo settimana di nascita lasciandone circa 2- 3 vertebre.,,,,,,
it,b02b9194f63988ab07019913,adjective_gender,"Il termometro legge la temperatura, che si alza bruscamente fino ad un certo valore, per poi diminuire lentamente.","Il termometro legge la temperatura, che si alza bruscamente fino ad un certa valore, per poi diminuire lentamente.",,,,,,
it,aa039b02eb49efbd07b94db1,adjective_number,Il convoglio italiano riuscì a sua volta a giungere a destinazione indenne.,Il convoglio italiani riuscì a sua volta a giungere a destinazione indenne.,,,,,,
it,63ecbc41d578d57948d40702,adjective_number,Ve ne sono poi 1600 di piccola dimensione.,Ve ne sono poi 1600 di piccole dimensione.,,,,,,
it,cffa1feb98d572a9d31015eb,adjective_number,"La città è famosa per i suoi ponti di pietra, le pagode e gli splendidi giardini, che sono diventati un'importante meta turistica.","La città è famosa per i suoi ponti di pietra, le pagode e gli splendidi giardini, che sono diventati un'importanti meta turistica.",,,,,,
it,311f639859278283a27561dd,adjective_number,"L'erbio non si trova in natura come elemento puro, bensì combinato con altri elementi in minerali quali la monazite.","L'erbio non si trova in natura come elemento puro, bensì combinato con altro elementi in minerali quali la monazite.",,,,,,
it,2440cfb9cadac1a393024231,adjective_number,"Tra di essi di particolare rilievo Palazzo Mauro, caratterizzato da cinque portoni, quello centrale è decorato con triglifi, con metope e fiori.","Tra di essi di particolari rilievo Palazzo Mauro, caratterizzato da cinque portoni, quello centrale è decorato con triglifi, con metope e fiori.",,,,,,
it,c516853ff77839ef7c564707,determiner_gender,"L'azione si svolge quasi interamente in un albergo, dove accadranno cose oltre ogni immaginazione.","L'azione si svolge quasi interamente in una albergo, dove accadranno cose oltre ogni immaginazione.",,,,,,
it,051405ef91091aa927a54b5a,determiner_gender,"Il piano documenta i siti abitativi, le attività economiche, i ritrovamenti con significative sculture di età romana.","La piano documenta i siti abitativi, le attività economiche, i ritrovamenti con significative sculture di età romana.",,,,,,
it,286e646ce4d51e0e3f1a82c8,determiner_gender,Venne considerata una ragazza e allevata come tale.,Venne considerata uno ragazza e allevata come tale.,,,,,,
it,8c25fe787039f05022a72336,determiner_gender,Teodorico inaugura un periodo di relativa serenità per l'Italia.,Teodorico inaugura una periodo di relativa serenità per l'Italia.,,,,,,
it,159741a61e4e90df490a39d9,determiner_gender,"Il suo temperamento è equilibrato e adattabile, è un buon cane da famiglia molto sportivo, pieno di energia.","Il suo temperamento è equilibrato e adattabile, è una buon cane da famiglia molto sportivo, pieno di energia.",,,,,,
it,349430f2e5f569960d547423,determiner_number,"Coloro che sostengono lo Stato minimale argomentano questa conclusione con due motivazioni, una classica l'altra moderna.","Coloro che sostengono lo Stato minimale argomentano queste conclusione con due motivazioni, una classica l'altra moderna.",,,,,,
it,33eaea94426a4245d306291a,determiner_number,A questo totale vanno aggiunti i veicoli prodotti in Canada il cui numero non è noto.,A questo totale vanno aggiunti lo veicoli prodotti in Canada il cui numero non è noto.,,,,,,
it,a4bf944a79a3b8a72cc8f7c3,determiner_number,Un'ulteriore fonte di mistero sono le reali motivazioni che spinsero i nobili irlandesi a partire per l'Europa.,Un'ulteriore fonte di mistero sono la reali motivazioni che spinsero i nobili irlandesi a partire per l'Europa.,,,,,,
it,50db67733824553bb1fbb70c,determiner_number,"Tutte le storie trovano, a loro modo, un lieto fine.","Tutte la storie trovano, a loro modo, un lieto fine.",,,,,,
it,c2b8e4ef6861c9d58cd28ed3,determiner_number,In questa scala tutti gli accordi di triade sono eccedenti e non vi sono intervalli giusti eccetto che l'ottava.,In questa scala tutti lo accordi di triade sono eccedenti e non vi sono intervalli giusti eccetto che l'ottava.,,,,,,
it,7f493fb1227fe2fddb40bece,governed_infinitive,"Creatura socievole, l'albanella a volte nidifica in colonie libere e stabilisce dormitori che possono comprendere diverse decine di uccelli.","Creatura socievole, l'albanella a volte nidifica in colonie libere e stabilisce dormitori che possono comprendessi diverse decine di uccelli.",,,,,,
it,e183e18b0a153821e4ae569e,governed_infinitive,La modalità provvisoria consente l'accesso a programmi di diagnostica che l'utente può utilizzare per localizzare guasti e per salvaguardare il sistema operativo in modalità normale.,La modalità provvisoria consente l'accesso a programmi di diagnostica che l'utente può utilizzò per localizzare guasti e per salvaguardare il sistema operativo in modalità normale.,,,,,,
it,924dff96755d8c35ee57e841,governed_infinitive,Questa ripetizione può avvenire mentalmente o tramite la voce fisica.,Questa ripetizione può avverrai mentalmente o tramite la voce fisica.,,,,,,
it,5cb8a6b85406a59b59fd97a8,governed_infinitive,La riboflavina è coinvolta in moltissime reazioni metaboliche che possono riguardare anche altre vitamine.,La riboflavina è coinvolta in moltissime reazioni metaboliche che possono riguardi anche altre vitamine.,,,,,,
it,629ea85bbde507bcf6eb8e80,governed_infinitive,"Figure geometriche come quadrilatero, tetraedro e piramide a base quadrilatera si possono caratterizzare mediante quaterne di lati, vertici, facce, spigoli.","Figure geometriche come quadrilatero, tetraedro e piramide a base quadrilatera si possono caratterizzassi mediante quaterne di lati, vertici, facce, spigoli.",,,,,,
it,14688385740f51d518ad8167,perfect_verb_form,David Deutsch ha pubblicato anche due libri di divulgazione.,David Deutsch ha pubblicare anche due libri di divulgazione.,,,,,,
it,a13848ca307c7e3b46b23a1c,perfect_verb_form,"La cerimonia si è svolta, secondo le tradizioni ebraiche, a New York dove i due hanno anche preso casa poco dopo.","La cerimonia si è svolta, secondo le tradizioni ebraiche, a New York dove i due hanno anche prendere casa poco dopo.",,,,,,
it,5c0320528aac6678fb7d0d9a,perfect_verb_form,"Sconvolto da ciò che ha fatto, il tenente riesce a fuggire ma dopo alcuni anni ritorna volontariamente, non potendo vivere senza di lei.","Sconvolto da ciò che ha far, il tenente riesce a fuggire ma dopo alcuni anni ritorna volontariamente, non potendo vivere senza di lei.",,,,,,
it,c03b84ba69aa27d01a30f3a0,perfect_verb_form,Il 23 aprile 2002 papa Giovanni Paolo II lo ha proclamato venerabile.,Il 23 aprile 2002 papa Giovanni Paolo II lo ha proclamare venerabile.,,,,,,
it,d1cfd4bd258a709cb6ee8ae4,perfect_verb_form,Le analisi cladistiche hanno portato a risultati contrastanti.,Le analisi cladistiche hanno portare a risultati contrastanti.,,,,,,
it,878072e6d196b27f5fad265d,spelling,"Se rapita, Elena è una vittima, e la colpa va data a Paride.","Se raptia, Elena è una vittima, e la colpa va data a Paride.",,,,,,
it,241ca3a85db5f90631966655,spelling,"I portieri hanno una divisa costituita da maglia grigia con colletto a polo giallorosso, pantaloncini neri e calze rosse bordate di giallo.","I portieri hanno una divisa costituita da maglia grigia con colletto a polo giallorosso, pantaloncini neri e calze rosse borate di giallo.",,,,,,
it,3de75f6bd88e111f62cd9109,spelling,Talvolta compaiono anche cori e brevi frasi cantate da voci femminili.,Talvolta compiaono anche cori e brevi frasi cantate da voci femminili.,,,,,,
it,9471762af858895664853c5a,spelling,Non vi sono altre fonti che ne attestino provenienza o altri dati.,Non vi sono atre fonti che ne attestino provenienza o altri dati.,,,,,,
it,560ae801925ca0eaef8bab70,spelling,Numerosi giardini classici sono conservati in città.,Numerosi giarini classici sono conservati in città.,,,,,,
it,fc89566795ec40490f2ff600,verb_number_agreement,"Gli edifici più importanti sono le due chiese calviniste, esempi di architettura coloniale olandese.","Gli edifici più importanti è le due chiese calviniste, esempi di architettura coloniale olandese.",,,,,,
it,53de6538f6416ea7cf6f40e2,verb_number_agreement,Infatti un autore è Tommaso Brunetti di Alfedena (XVIII secolo).,Infatti un autore sono Tommaso Brunetti di Alfedena (XVIII secolo).,,,,,,
it,ca74604b4f629bff4cd9189f,verb_number_agreement,"La bambina perde entrambi i genitori in tenera età, prima sua madre quando aveva solo 5 anni e tre anni dopo il padre.","La bambina perdono entrambi i genitori in tenera età, prima sua madre quando aveva solo 5 anni e tre anni dopo il padre.",,,,,,
it,68ec0c68148b13862fd31c41,verb_person_agreement,Questo vale anche per i rapporti sessuali: le donne potranno andare a letto e fare figli con chiunque loro vogliano.,Questo vale anche per i rapporti sessuali: le donne potranno andare a letto e fare figli con chiunque loro vogliamo.,,,,,,
et,4acf8ee45bb508c83232afb1,adjective_case,"Kim teatab Thuile, et kokkulepe enam ei pea, sest vanemad on surnud ning ta armastab teist meest, kellega tal on laps.","Kim teatab Thuile, et kokkulepe enam ei pea, sest vanemad on surnud ning ta armastab teiseks meest, kellega tal on laps.",,,,,,
et,f47c07eccd4b461cbc2c44ba,adjective_case,"Hulk euroopa kultuuri- ja poliitikategelasi, sealhulgas Victor Hugo ja Giuseppe Garibaldi, palusid Mehhiko uue valitsuse juhilt Benito Juárezelt Maximilianile armu, kuid Juárez käskis Maximiliani hukata selle märgiks, et mehhiklased suhtuvad interventidesse halvasti.","Hulk euroopa kultuuri- ja poliitikategelasi, sealhulgas Victor Hugo ja Giuseppe Garibaldi, palusid Mehhiko uuest valitsuse juhilt Benito Juárezelt Maximilianile armu, kuid Juárez käskis Maximiliani hukata selle märgiks, et mehhiklased suhtuvad interventidesse halvasti.",,,,,,
et,386d00c36d507c761a5deaf4,adjective_case,"Musiał dateerib partisanisõja algust 1942. aasta esimesse poolde, haripunkti aastasse 1943.","Musiał dateerib partisanisõja algust 1942. aasta esimese poolde, haripunkti aastasse 1943.",,,,,,
et,9e6c71773075f23f05754d57,adjective_case,"Hesseni peamine poliitiline vaenlane oli sel ajal Mainzi peapiiskop, üks kuurvürstidest, kellega tihti maade pärast jageldi.","Hesseni peamine poliitilise vaenlane oli sel ajal Mainzi peapiiskop, üks kuurvürstidest, kellega tihti maade pärast jageldi.",,,,,,
et,fdd3d065495316479250e44a,adjective_case,"Nii näiteks seisab Rapuntseli torn Marburgis, aga linna lähedal Schwalmi piirkonnas kuulus väikeste tüdrukute riietusse harilikult punane mütsike.","Nii näiteks seisab Rapuntseli torn Marburgis, aga linna lähedal Schwalmi piirkonnas kuulus väikestesse tüdrukute riietusse harilikult punane mütsike.",,,,,,
et,5001a1a79f9aeff241738402,adjective_number,"Asula on tekkinud endise Aizdzire mõisa (Adsim, Adsem) keskuse juurde.","Asula on tekkinud endiste Aizdzire mõisa (Adsim, Adsem) keskuse juurde.",,,,,,
et,427f561c611a5822614c8b8f,adjective_number,"Teised leiavad sageli, et nad peavad ta usu peale omaks võtma, kuigi temalt saadava tõeline väärtus selgub alles siis, kui nad on lahku läinud.","Teised leiavad sageli, et nad peavad ta usu peale omaks võtma, kuigi temalt saadava tõelised väärtus selgub alles siis, kui nad on lahku läinud.",,,,,,
et,847680ceac199340e398a4e7,adjective_number,"T-10 oli Nõukogude Liidu külma sõja aegne rasketank, KV- ja IS-tankide seeria lõplik tulemus.","T-10 oli Nõukogude Liidu külmade sõja aegne rasketank, KV- ja IS-tankide seeria lõplik tulemus.",,,,,,
et,ebdb159139fed000a15792b3,adjective_number,Praeguse linna kohale rajas asunduse 1839. aastal Šveitsi immigrant John Sutter.,Praeguste linna kohale rajas asunduse 1839. aastal Šveitsi immigrant John Sutter.,,,,,,
et,6240cc9c1c64783477e36a5a,adjective_number,Kohalik politsei kuulutas mõrva tellimises kahtlustatavana tagaotsitavaks Venemaa Riigiduuma liikme ja Ramzan Kadõrovi nõo Adam Delimhanovi (hüüdnimega Timukas) ning arreteeris peamise kahtlusalusena Kadõrovi Iraanist pärit tallipoisi.,Kohalikud politsei kuulutas mõrva tellimises kahtlustatavana tagaotsitavaks Venemaa Riigiduuma liikme ja Ramzan Kadõrovi nõo Adam Delimhanovi (hüüdnimega Timukas) ning arreteeris peamise kahtlusalusena Kadõrovi Iraanist pärit tallipoisi.,,,,,,
et,2ac46ee9e6872cd2922be3a2,determiner_case,"See võis tähendada territoriaalset valitsemist, kuid teisest küljest võis see olla austusväärne eriti võimsatele krahvidele, tähistades ei midagi muud, kui ülemvõimu provintsidele kaitse pakkumisel, kus nende krahvkonnad asusid.","See võis tähendada territoriaalset valitsemist, kuid teisele küljest võis see olla austusväärne eriti võimsatele krahvidele, tähistades ei midagi muud, kui ülemvõimu provintsidele kaitse pakkumisel, kus nende krahvkonnad asusid.",,,,,,
et,f2a8ea7ef9bad5528233bbd2,determiner_case,"Ta oli aastatel 1738–1753 Tallinna Oleviste koguduse abiõpetaja, aastatel 1753–1763 oli ta sama koguduse õpetaja.","Ta oli aastatel 1738–1753 Tallinna Oleviste koguduse abiõpetaja, aastatel 1753–1763 oli ta samasse koguduse õpetaja.",,,,,,
et,d607146a7d95e92be852de90,determiner_case,"Käsitletav lend toimus Jaapanis Oboni puhkuseperioodi ajal, mil paljud jaapanlased teevad iga-aastaseid reise oma kodulinnadesse või kuurortidesse.","Käsitletav lend toimus Jaapanis Oboni puhkuseperioodi ajal, mil paljudele jaapanlased teevad iga-aastaseid reise oma kodulinnadesse või kuurortidesse.",,,,,,
et,a650b4038b790343067d2ec6,determiner_case,"Sama aasta detsembris sai firma Ostbau Werke ühe sellise masina valmis, kuid see jäi ka ainsaks.","Sama aasta detsembris sai firma Ostbau Werke ühe sellisel masina valmis, kuid see jäi ka ainsaks.",,,,,,
et,da36cf74844928c181e7013d,determiner_case,"Tema nime kannab samast ajast ka karikas, mis antakse maailmameistrivõistluste ilusaima võidu eest.","Tema nime kannab samasse ajast ka karikas, mis antakse maailmameistrivõistluste ilusaima võidu eest.",,,,,,
et,31ebef8ecb08ff54ff0c0bc6,determiner_number,Sellest ajast kuulus raamatukogu eelarve kohaliku külanõukogu eelarve hulka.,Nendest ajast kuulus raamatukogu eelarve kohaliku külanõukogu eelarve hulka.,,,,,,
et,78f04a9b70ea6a5992e8c1ee,determiner_number,Maapunktide kõrguste määramiseks tuleb kirjeldada nullkõrgusega alguspinda ja määrata punktide vertikaalne kaugus sellest pinnast.,Maapunktide kõrguste määramiseks tuleb kirjeldada nullkõrgusega alguspinda ja määrata punktide vertikaalne kaugus nendest pinnast.,,,,,,
et,4f157a0ff37ab98791d848ea,determiner_number,"Mulla tänaval see osa, kus praegu Pelgulinna Gümnaasium ja Mööblimaja, sai kannatada.","Mulla tänaval need osa, kus praegu Pelgulinna Gümnaasium ja Mööblimaja, sai kannatada.",,,,,,
et,552d923b31669b1067d14ace,determiner_number,"Teiseks on autor ühe osa vaadeldavast ajast (1961–1992) olnud ise Moskva Patriarhaadi Tallinna ja Eesti piiskopkonna juht, mistõttu selle perioodi kirjeldus sarnaneb pigem memuaaride kui neutraalse teadusliku uurimusega.","Teiseks on autor ühe osa vaadeldavast ajast (1961–1992) olnud ise Moskva Patriarhaadi Tallinna ja Eesti piiskopkonna juht, mistõttu nende perioodi kirjeldus sarnaneb pigem memuaaride kui neutraalse teadusliku uurimusega.",,,,,,
et,6bfbdafbfbff54b83594a469,determiner_number,"Kui isik pakub teistele toodet või teenust, siis sageli nad leiavad, et nad ei jõua tõestust saada, vaid peavad uskuma mingeid kokkuleppelisi või loomulikke märke.","Kui isik pakub teistele toodet või teenust, siis sageli nad leiavad, et nad ei jõua tõestust saada, vaid peavad uskuma mingit kokkuleppelisi või loomulikke märke.",,,,,,
et,3a851f5a970fa9836808a019,spelling,"Klubi asutaja Margus Tooming on hiljem tõdenud, et paljuski mängis rolli ka nõrk järelkasv.","Klubi asutaja Margus Tooming on hiljem tõdenud, et paljuski mängis rolli ka nõrk järelasv.",,,,,,
et,e522231ccec04c3fae651313,spelling,Cecilia sündis Londonis Charles Cavendish-Bentincki ja Caroline Cavendish-Bentincki perekonnas.,Cecilia sünds Londonis Charles Cavendish-Bentincki ja Caroline Cavendish-Bentincki perekonnas.,,,,,,
et,51e5f09f67985c28d9ae5396,spelling,"Kaliif Hārūn ar-Rashīd oli võlutud noormehe mänguoskusest ja samuti jättis talle sügava mulje kuningale loodud lugu, mistõttu soosingust kadedaks muutunud Ziryābi õpetaja ja omanik Ishaq al-Mawsili sundis noormehe valima sundasumisele saatmise või surma vahel.","Kaliif Hārūn ar-Rashīd oli võlutud noormehe mänguoskusest ja samuti jätits talle sügava mulje kuningale loodud lugu, mistõttu soosingust kadedaks muutunud Ziryābi õpetaja ja omanik Ishaq al-Mawsili sundis noormehe valima sundasumisele saatmise või surma vahel.",,,,,,
et,b011b95daba2987cc7aa39bc,spelling,Parlamendi väed alustasid 1645. aasta oktoobris Dunsteri vastu sõjakäiku ja piirasid novembris linnuse ümber.,Parlamendi väed alustasid 1645. aasta oktoboris Dunsteri vastu sõjakäiku ja piirasid novembris linnuse ümber.,,,,,,
et,b720ac54507666e6c02d4ac1,spelling,"Need täpid sümboliseerivad ettevõtte püsiväärtusi: terviklikkust, valvsust ja abivalmidust.","Need täpid sümboliseerivad ettevõtte püsiväärtusi: terviklikkust, valvsust ja abialmidust.",,,,,,
et,f55c54fa4a6bc013226de8a7,verb_number_agreement,"Karen Anne Bradley (neiuna Howarth; sündinud 12. märtsil 1970 Newcastle-under-Lyme'is) on Suurbritannia poliitik, ta kuulub Briti Konservatiivsesse Parteisse.","Karen Anne Bradley (neiuna Howarth; sündinud 12. märtsil 1970 Newcastle-under-Lyme'is) on Suurbritannia poliitik, ta kuuluvad Briti Konservatiivsesse Parteisse.",,,,,,
et,c0346571b922d564c6ccb4a0,verb_number_agreement,"Me võime saavutada mis tahes soovitud Pareto-efektiivse jaotuse, kui me jagame rikkuse inimeste vahel teatud viisil ümber ning laseme seejärel hinnamehhanismil toimida.","Me võin saavutada mis tahes soovitud Pareto-efektiivse jaotuse, kui me jagame rikkuse inimeste vahel teatud viisil ümber ning laseme seejärel hinnamehhanismil toimida.",,,,,,
et,90d3a629e8caaff8df368e23,verb_number_agreement,"Ta alustas klubikarjääri Islandi klubis Fram, mille noortesüsteemiga liitus ta 1998. aastal.","Ta alustasid klubikarjääri Islandi klubis Fram, mille noortesüsteemiga liitus ta 1998. aastal.",,,,,,
et,83da2923fa3fafcf2c1b82d5,verb_number_agreement,Ta kuulus Nigeeria koondisse 2019. aasta Aafrika rahvaste karikavõistlustel.,Ta kuulusid Nigeeria koondisse 2019. aasta Aafrika rahvaste karikavõistlustel.,,,,,,
et,c76e2a213a8423d2e3fc0ae1,verb_number_agreement,"Ta kuulus Argentina meeskonda 2010. aasta maailmameistrivõistlustel, pääsedes väljakule kahes mängus.","Ta kuulusid Argentina meeskonda 2010. aasta maailmameistrivõistlustel, pääsedes väljakule kahes mängus.",,,,,,
et,4484d79090c94f9023ce3f71,verb_person_agreement,"Ta arvas, et Maa on ookeanidel paiknev ketas.","Ta arvasin, et Maa on ookeanidel paiknev ketas.",,,,,,
et,d057bd3bc812c556bd683432,verb_person_agreement,"Ta on õppinud Kopenhaagenis teoloogiat, filoloogiat ja õigusteadust.","Ta olen õppinud Kopenhaagenis teoloogiat, filoloogiat ja õigusteadust.",,,,,,
et,c73f62fb71764879d3fb12cd,verb_person_agreement,"Seejärel loeb ta ajalehest ette ühe koha, mille peale tema sõbrad naerma puhkevad.","Seejärel loen ta ajalehest ette ühe koha, mille peale tema sõbrad naerma puhkevad.",,,,,,
et,b892e3a043a392a54c1321ec,verb_person_agreement,Ta võib tegutseda nii kaitsja kui ka kaitsva poolkaitsjana.,Ta võid tegutseda nii kaitsja kui ka kaitsva poolkaitsjana.,,,,,,
et,b9937adcf9ac658c8e43503f,verb_person_agreement,"Nii võttis ta 1940. aastatel kasutusele ründesüsteemi, mida nimetatakse Roozenburgi süsteemiks.","Nii võtsin ta 1940. aastatel kasutusele ründesüsteemi, mida nimetatakse Roozenburgi süsteemiks.",,,,,,
ro,fedd04150d43112079b973b1,adjective_case,"Aceste sufixe sunt specifice limbii române, constituind un semn de recunoaștere al apartenenței respectivelor nume la familia onomasticii limbii române.","Aceste sufixe sunt specifice limbii română, constituind un semn de recunoaștere al apartenenței respectivelor nume la familia onomasticii limbii române.",,,,,,
ro,5eaf2f106eb1aa2bcae22a92,adjective_case,"Quito este de asemenea, singura capitală din lume care este amenințată în mod direct de un vulcan activ.","Quito este de asemenea, singurilor capitală din lume care este amenințată în mod direct de un vulcan activ.",,,,,,
ro,33da73e4a2413f93a620fce9,adjective_case,Simpla purtare a gradelor astfel obținute constituie contravenție în unele state americane.,Simplilor purtare a gradelor astfel obținute constituie contravenție în unele state americane.,,,,,,
ro,ae7299bfb303853a53dc4d73,adjective_case,Singura soluție pe care o găsește vraciul satului este înconjurarea colinei cu semințele unor arbori care cresc extrem de repede și foarte deși.,Singurilor soluție pe care o găsește vraciul satului este înconjurarea colinei cu semințele unor arbori care cresc extrem de repede și foarte deși.,,,,,,
ro,f7aeef30bb9c5a44159312c5,adjective_case,Rudenia în linie dreaptă poate fi ascendentă sau descendentă.,Rudenia în linie drepturilor poate fi ascendentă sau descendentă.,,,,,,
ro,c90e9c4438b4b42fa86bd383,adjective_gender,"Termenul țară poate reda frecvent atât noțiunea de stat (suveran), cât și pe aceea de regiune geografică (consacrată).","Termenul țară poate reda frecvent atât noțiunea de stat (suveran), cât și pe aceea de regiune geografic (consacrată).",,,,,,
ro,1c18107ceb8dd268e6a3b334,adjective_gender,"În unicul document de la domnitorul Ștefan cel Mare (1457-1504) în care apare Tighina, de asemenea este amintită straja.","În unicii document de la domnitorul Ștefan cel Mare (1457-1504) în care apare Tighina, de asemenea este amintită straja.",,,,,,
ro,830d5e0db5f20cf0f97386d8,adjective_gender,Camilo este poate singurul scriitor portughez influențat într-adevăr de Balzac.,Camilo este poate singura scriitor portughez influențat într-adevăr de Balzac.,,,,,,
ro,39ce87c69181616e9ffbb059,adjective_gender,"Nissan este principalul brand japonez în China, Rusia și Mexic.","Nissan este principala brand japonez în China, Rusia și Mexic.",,,,,,
ro,0b2416fecadb8d6acd2b2a5b,adjective_gender,Singurul lucru care îi mai protejează pe Alice și pe Tom acum este fragilul urcior de sânge.,Singura lucru care îi mai protejează pe Alice și pe Tom acum este fragilul urcior de sânge.,,,,,,
ro,b97bc56626f52e55df84f906,adjective_number,"Patul albiei este neted și mâlos, malurile sunt abrupte, stabile, în marea majoritate cu înălțimea de 0,3-2,0 m.","Patul albiei este neted și mâlos, malurile sunt abrupte, stabile, în marile majoritate cu înălțimea de 0,3-2,0 m.",,,,,,
ro,f488441f4e11a0c8d3b880f8,adjective_number,"Deasupra naosului se înalță o turlă octogonală, de dimensiuni mari, învelită complet în tablă.","Deasupra naosului se înalță o turlă octogonală, de dimensiuni mare, învelită complet în tablă.",,,,,,
ro,4170186aaf1629c06ff3e7b1,adjective_number,"La început editura s-a specializat în traduceri din limbi străine, există totuși și câteva cărți scrise de autori români.","La început editura s-a specializat în traduceri din limbi străine, există totuși și câteva cărți scrise de autori român.",,,,,,
ro,24707f44506fa2300bd91b44,adjective_number,"Există spații intermoleculare foarte mari, în comparație cu dimensiunile moleculelor.","Există spații intermoleculare foarte mare, în comparație cu dimensiunile moleculelor.",,,,,,
ro,89fa78040552af307b3f7782,adjective_number,"Ion Țiriac (n. 9 mai 1939, Brașov) este un fost jucător profesionist de tenis român, jucător de hochei pe gheață, și actualmente un influent om de afaceri în Germania, Spania și România.","Ion Țiriac (n. 9 mai 1939, Brașov) este un fost jucător profesionist de tenis români, jucător de hochei pe gheață, și actualmente un influent om de afaceri în Germania, Spania și România.",,,,,,
ro,08bf6da7ec3953416e1a1e16,determiner_case,Radiația emisă din interiorul magneților dipolari are luminozitatea cu aproximativ 5 ordine de mărime mai ridicată în comparație cu o sursă de laborator.,Radiația emisă din interiorul magneților dipolari are luminozitatea cu aproximativ 5 ordine de mărime mai ridicată în comparație cu unei sursă de laborator.,,,,,,
ro,91b11feb058e3948950bc410,determiner_case,"O parte dintre utilaje este în conservare, dar o altă parte este încă funcțională, extrăgând sau transportând țițeiul pentru OMV Petrom.","O parte dintre utilaje este în conservare, dar o altei parte este încă funcțională, extrăgând sau transportând țițeiul pentru OMV Petrom.",,,,,,
ro,5157f30ebf05b210e0533c83,determiner_case,"Belgia a fost a doua țară din lume care să legalizeze căsătoriile între persoane de același sex, această lege fiind aprobată de parlament și introdusă la 30 ianuarie 2003.","Belgia a fost a doua țară din lume care să legalizeze căsătoriile între persoane de același sex, acestei lege fiind aprobată de parlament și introdusă la 30 ianuarie 2003.",,,,,,
ro,d1bd7cba1fced2624fbe5a74,determiner_case,"Dacă este preparată corect, în condiții bune și depozitată corespunzător, braga poate fi considerată ca o băutură igienică.","Dacă este preparată corect, în condiții bune și depozitată corespunzător, braga poate fi considerată ca unei băutură igienică.",,,,,,
ro,e5037821a68db71384987b54,determiner_case,"Spiritul legilor (1748), debutează cu o scurtă discuție despre legi în general.","Spiritul legilor (1748), debutează cu unei scurtă discuție despre legi în general.",,,,,,
ro,b15f657e29e9ae62114fb45a,determiner_gender,"Informația poate face diferența dintre succes și eșec; dacă un secret comercial este furat concurența poate avea un avantaj în plus, față de alți competitori.","Informația poate face diferența dintre succes și eșec; dacă o secret comercial este furat concurența poate avea un avantaj în plus, față de alți competitori.",,,,,,
ro,7beedd472cafc8f3950239d3,determiner_gender,"Edificiul are un acoperiș înalt din tablă, cu pante repezi.","Edificiul are o acoperiș înalt din tablă, cu pante repezi.",,,,,,
ro,ae98f7dbe3b901596ca5b3a7,determiner_gender,Un termen similar este cel de funcție analitică.,O termen similar este cel de funcție analitică.,,,,,,
ro,18ae1d43ff50d3acea7fb23d,determiner_gender,"Din punctul de vedere al naționalismului islamic pan-arab, pan-islamismul este un element important, încorporat deja în acest concept.","Din punctul de vedere al naționalismului islamic pan-arab, pan-islamismul este o element important, încorporat deja în acest concept.",,,,,,
ro,46baf40db7b3f8c369cd8083,determiner_gender,Chow Chow-ul prezintă un cap mare cu un craniu lat și plat având botul scurt și pliuri faciale care îi dau aspectul de animal permanent încruntat.,Chow Chow-ul prezintă o cap mare cu un craniu lat și plat având botul scurt și pliuri faciale care îi dau aspectul de animal permanent încruntat.,,,,,,
ro,f31d55db0534a4db2e070db4,determiner_number,"Alte variante schimbă locul versului preluat din prima parte, așezându-l primul, ultimul, sau în mijlocul strofei.","Altă variante schimbă locul versului preluat din prima parte, așezându-l primul, ultimul, sau în mijlocul strofei.",,,,,,
ro,ab677223d0d188ae6f231a5f,determiner_number,"În urma Tratatului de pace de la Berlin din 1878, România a fost constrânsă să cedeze Rusiei acest teritoriu.","În urma Tratatului de pace de la Berlin din 1878, România a fost constrânsă să cedeze Rusiei acești teritoriu.",,,,,,
ro,889c50bf46b645e3f341f57b,determiner_number,"Tancul T-60 folosit pentru experiment era puternic modificat, fiind golit de absolut toate echipamentele care nu erau vitale: armament, muniție sau faruri.","Tancul T-60 folosit pentru experiment era puternic modificat, fiind golit de absolut toată echipamentele care nu erau vitale: armament, muniție sau faruri.",,,,,,
ro,35b0ad709206b7e3f4d0996f,determiner_number,"Din aceste motive, informațiile cu privire la volumul lacurilor variază de la sursă la sursă.","Din această motive, informațiile cu privire la volumul lacurilor variază de la sursă la sursă.",,,,,,
ro,8fdec237b6b1fc14ab646dbb,determiner_number,"De asemenea, poziția centrului acestui cerc față de polul sud de astăzi s-a schimbat datorită precesiei; acest fapt ne indică timpul care a trecut de atunci: circa 4.500 ani.","De asemenea, poziția centrului acestui cerc față de polul sud de astăzi s-a schimbat datorită precesiei; acești fapt ne indică timpul care a trecut de atunci: circa 4.500 ani.",,,,,,
ro,6dfbea4f5cdf2144cd453fe3,spelling,Hidrocarburi nesaturate au una sau mai multe legături duble sau triple între atomii de carbon.,Hidrocarburi nesaturate au una sau mai multe legături duble sau triple între aomii de carbon.,,,,,,
ro,a48f15bd1961523e1d7cac71,spelling,"Însă în categoriile de vârstă de până la 18 ani, majoritatea locuitorilor e autohtonă.","Însă în categoriile de vârstă de până la 18 ani, majoritata locuitorilor e autohtonă.",,,,,,
ro,e49aeb2c6d25af017706fb43,spelling,Ceaiul preparat din fructe de ienupăr calmează tulburările digestive și balonările.,Ceaiul preparat din fructe de ienupăr calmează tulburările digetsive și balonările.,,,,,,
ro,d9c4a191128acd949dc4b828,spelling,Cartea este considerată unul dintre cele mai bune exemple a literaturii absurdului.,Cartea este considerată unul dintre cele mai bune exemple a literaturii absurudlui.,,,,,,
ro,54f68f60afb1bedcef83cffe,spelling,Unicitatea unui goblen este dată de gama de culori și de nuanțele folosite comparativ cu originalul.,Uniciattea unui goblen este dată de gama de culori și de nuanțele folosite comparativ cu originalul.,,,,,,
ro,19fabf67b104a398c42baa35,verb_number_agreement,"El are o greutate de până la 140 kg, o înălțime de 0,7 m și o lungime de 1,8 m.","El au o greutate de până la 140 kg, o înălțime de 0,7 m și o lungime de 1,8 m.",,,,,,
ro,ac0cb05ef498971e6a009c8e,verb_number_agreement,El are o strânsă prietenie cu câinele vorbitor al familiei Brian.,El au o strânsă prietenie cu câinele vorbitor al familiei Brian.,,,,,,
ro,38f25de6a78da48a4c659a56,verb_number_agreement,Precizia localizării este influențată de semnalul telefonului mobil și de faptul dacă utilizatorul este sau nu într-o clădire (clădirile măresc de obicei marja de eroare).,Precizia localizării este influențată de semnalul telefonului mobil și de faptul dacă utilizatorul este sau nu într-o clădire (clădirile mărește de obicei marja de eroare).,,,,,,
ro,747dd178296a408b7e7dcb0b,verb_number_agreement,"Ei rămân în cuib timp de două săptămâni, de regulă până la prima năpârlire.","Ei rămâne în cuib timp de două săptămâni, de regulă până la prima năpârlire.",,,,,,
ro,b7fc6d03e7ede8b06aa89c1c,verb_number_agreement,Toți studenții pot studia la universitățile norvegiene fără taxe de școlarizare.,Toți studenții poate studia la universitățile norvegiene fără taxe de școlarizare.,,,,,,
ro,704b785ee52e65a3fc5c571d,verb_person_agreement,"Între altele, el scrie că prima parte poate avea unul, două sau patru versuri, care poartă în ele un concept sentențios.","Între altele, el scrii că prima parte poate avea unul, două sau patru versuri, care poartă în ele un concept sentențios.",,,,,,
ro,f5d15de0fda88db87f8d4ed0,verb_person_agreement,Ea este personificarea pericolelor și ororilor mării.,Ea ești personificarea pericolelor și ororilor mării.,,,,,,
ro,2992211697dbf1c26ef54787,verb_person_agreement,El este unul din cofondatorii Ligii pentru Libertatea Programării în 1989.,El ești unul din cofondatorii Ligii pentru Libertatea Programării în 1989.,,,,,,
ro,0666132f8a31049e60084b83,verb_person_agreement,El este primul pitic (gnom) din istoria Ardei.,El ești primul pitic (gnom) din istoria Ardei.,,,,,,
ro,d22bc6e69489d4b032a484be,verb_person_agreement,"Ea este totdeauna între Întuneric și Lumină, iar, deocamdată, prietenia ei cu Tom a salvat-o de fiecare dată.","Ea ești totdeauna între Întuneric și Lumină, iar, deocamdată, prietenia ei cu Tom a salvat-o de fiecare dată.",,,,,,
uk,fadc62697d45d8f4238e1384,adjective_case,Першим головою Стебнівської сільської ради був Юрій Федорович Кочерган.,Перший головою Стебнівської сільської ради був Юрій Федорович Кочерган.,,,,,,
uk,5afa054ff1c74ec8997cb189,adjective_case,За переписом населення України 2001 року в селі мешкало 65 осіб. 100 % населення вказало своєю рідною мовою українську мову.,За переписом населення України 2001 року в селі мешкало 65 осіб. 100 % населення вказало своєю рідною мовою українська мову.,,,,,,
uk,d8ab7d217e7a9a53ac851bce,adjective_case,Фізична плинність кадрів охоплює сексуальну залежність які в силу різних причин звільняються і покидають організацію.,Фізична плинність кадрів охоплює сексуальну залежність які в силу різні причин звільняються і покидають організацію.,,,,,,
uk,1193766bffb7dfe82e9e8407,adjective_case,"Ці класифікації відіграли велику роль в розвитку тогочасної мінералогії, оскільки хімічний склад є головною і визначальною характеристикою мінерального виду.","Ці класифікації відіграли великій роль в розвитку тогочасної мінералогії, оскільки хімічний склад є головною і визначальною характеристикою мінерального виду.",,,,,,
uk,939718251d027452b8f1dd5e,adjective_case,Перша згадка про село відноситься до 1442 року.,Першу згадка про село відноситься до 1442 року.,,,,,,
uk,c2b9f080f245ac55932913d3,adjective_gender,Середня вага дорослого самця короткошерстої європейської кішки сягає 4 кг.,Середній вага дорослого самця короткошерстої європейської кішки сягає 4 кг.,,,,,,
uk,2d997e23e6cac830dfda00ba,adjective_gender,"Велике значення мала науково-критична діяльність Алексєєва, зокрема огляди російської та іноземної літератури з хімії.","Велику значення мала науково-критична діяльність Алексєєва, зокрема огляди російської та іноземної літератури з хімії.",,,,,,
uk,5bd2e21ec4cafa99f5e60f4f,adjective_gender,"Після державного перевороту 2 грудня 1851 року Ер був включений Наполеоном III в число департаментів, де було оголошено стан облоги, щоб не допустити масових заворушень.","Після державної перевороту 2 грудня 1851 року Ер був включений Наполеоном III в число департаментів, де було оголошено стан облоги, щоб не допустити масових заворушень.",,,,,,
uk,4c6950cb7ce95ad360a55ee8,adjective_gender,"Омічні контакти мають велике значення у напівпровідниковій технології, оскільки вони застосовуються для підведення струму до діодів і транзисторів.","Омічні контакти мають велику значення у напівпровідниковій технології, оскільки вони застосовуються для підведення струму до діодів і транзисторів.",,,,,,
uk,3199f8f77a1583c9f9aa63e5,adjective_gender,"Перший ярус фасаду рустований, другий ярус ризаліту декорований шістьма парами іонічних пілястр.","Перша ярус фасаду рустований, другий ярус ризаліту декорований шістьма парами іонічних пілястр.",,,,,,
uk,688d23e3c890ce84824f59e0,adjective_number,Географічна оболонка є предметом вивчення фізичної географії.,Географічна оболонка є предметом вивчення фізичних географії.,,,,,,
uk,a311b93c5cd8276393426898,adjective_number,"Малкольм, король Шотландії, визнав себе васалом англійського короля Вільгельма II.","Малкольм, король Шотландії, визнав себе васалом англійських короля Вільгельма II.",,,,,,
uk,6d0d7d1640f21d2a3840332a,adjective_number,"Село постраждало внаслідок геноциду українського народу, учиненого урядом СРСР у 1932—1933 роках, кількість встановлених жертв — 23 особи.","Село постраждало внаслідок геноциду українських народу, учиненого урядом СРСР у 1932—1933 роках, кількість встановлених жертв — 23 особи.",,,,,,
uk,0e7718cbca2a7d2295262fac,adjective_number,"Архів Асоціації зберігається в Інституті підвищення кваліфікації юристів і містить документи, починаючи з перших років її існування і аж дотепер.","Архів Асоціації зберігається в Інституті підвищення кваліфікації юристів і містить документи, починаючи з першого років її існування і аж дотепер.",,,,,,
uk,c140f55c5e73fc03083133f8,adjective_number,"Індонезійська — велика частина острова ділиться на чотири провінції (Західний Калімантан, Центральний Калімантан, Південний Калімантан та Східний Калімантан).","Індонезійська — великі частина острова ділиться на чотири провінції (Західний Калімантан, Центральний Калімантан, Південний Калімантан та Східний Калімантан).",,,,,,
uk,2ddf5ee6dc60b561baf19015,determiner_case,"Колгосп обробляв 7803 га сільськогосподарських угідь, у тому числі 6 183 га орної землі, і спеціалізувався на вирощуванні зернових, баштанних і кормових культур, м'ясо-молочному тваринництві, також садівництві, овочівництві та вівчарстві.","Колгосп обробляв 7803 га сільськогосподарських угідь, у того числі 6 183 га орної землі, і спеціалізувався на вирощуванні зернових, баштанних і кормових культур, м'ясо-молочному тваринництві, також садівництві, овочівництві та вівчарстві.",,,,,,
uk,c4894e6285c37cf5511556c7,determiner_case,Тому дослідники і вважають цю дату початком історії Синівки.,Тому дослідники і вважають цієї дату початком історії Синівки.,,,,,,
uk,46f347abe9088ffd1465e01a,determiner_case,"Такі властивості мають полімери з розвиненою системою кон'югації, полімерні комплекси з переносом заряду, координаційні полімери, біополімери.","Такими властивості мають полімери з розвиненою системою кон'югації, полімерні комплекси з переносом заряду, координаційні полімери, біополімери.",,,,,,
uk,fb5a8c7f50d780d9d708f2f5,determiner_case,"Етнічна приналежність носіїв цієї культури не з’ясована, скоріше всього внесок до неї зробили різні племена, зокрема готи.","Етнічна приналежність носіїв цій культури не з’ясована, скоріше всього внесок до неї зробили різні племена, зокрема готи.",,,,,,
uk,f99a54dd7b089bad39dc828f,determiner_case,Статева зрілість кота і кішки настає у віці одного року.,Статева зрілість кота і кішки настає у віці один року.,,,,,,
uk,e79c757f301edd0aa716d649,determiner_gender,Матричними елементами здебільшого описуються амплітуди ймовірності переходу квантово-механічної системи із одного стану в інший.,Матричними елементами здебільшого описуються амплітуди ймовірності переходу квантово-механічної системи із однієї стану в інший.,,,,,,
uk,affe6f70ca864027925a96aa,determiner_gender,"Один вид викопних тварин відрізнявся тим, що в нього був хвіст та довгі кінцівки.","Одна вид викопних тварин відрізнявся тим, що в нього був хвіст та довгі кінцівки.",,,,,,
uk,5f2ed78539250583b145fb50,determiner_gender,Ернест Руска отримав за це відкриття Нобелівську премію з фізики в 1986 році.,Ернест Руска отримав за цю відкриття Нобелівську премію з фізики в 1986 році.,,,,,,
uk,91b71331985ccd79ef565d75,determiner_gender,"Ряйкконен вибрав стратегію одного піт-стопу, що дозволило йому певний час лідирувати у перегонах за рахунок пізнього піт-стопу.","Ряйкконен вибрав стратегію однієї піт-стопу, що дозволило йому певний час лідирувати у перегонах за рахунок пізнього піт-стопу.",,,,,,
uk,d8d5a4d8f6cf940f454cae05,determiner_gender,"Якщо провідник внести в електричне поле, вільні електрони в провіднику під дією сил цього поля зміщатимуться в напрямі, протилежному напруженості поля.","Якщо провідник внести в електричне поле, вільні електрони в провіднику під дією сил цієї поля зміщатимуться в напрямі, протилежному напруженості поля.",,,,,,
uk,06361da82de191989080d596,determiner_number,"Рис — головний і майже єдиний гарнір, що пропонують до всіх страв.","Рис — головний і майже єдиний гарнір, що пропонують до всієї страв.",,,,,,
uk,fccae86f932ef3ddef3e720f,determiner_number,В цьому місті в роки Першої світової війни був табір для військовополонених Російської армії.,В цих місті в роки Першої світової війни був табір для військовополонених Російської армії.,,,,,,
uk,391aaabcecb826643d8b648f,determiner_number,Цей спосіб завдяки керуванню комп'ютером нагрівальними елементами має можливість гнучкості при виборі знака штрихового коду та друку його з великою щільністю і чіткістю.,Ці спосіб завдяки керуванню комп'ютером нагрівальними елементами має можливість гнучкості при виборі знака штрихового коду та друку його з великою щільністю і чіткістю.,,,,,,
uk,ac1b41c0a3a81c33ded5f93d,determiner_number,"А у цей час Леонардо повертається, і дізнається про це.","А у ці час Леонардо повертається, і дізнається про це.",,,,,,
uk,859ef2169de75c1c7f0f4230,determiner_number,"Окрім німецького та італійського загонів на боці Франко, добровольці з інших країн воювали на боці республіки.","Окрім німецького та італійського загонів на боці Франко, добровольці з іншого країн воювали на боці республіки.",,,,,,
uk,9b5cc73357684b6c77c40eb2,preposition_case,"До села примикають лісові масиви (сосна, дуб) - урочища Довжик, Глибоке.","До селі примикають лісові масиви (сосна, дуб) - урочища Довжик, Глибоке.",,,,,,
uk,b5d58474c79dd5079987ff76,preposition_case,"Щороку в третю неділю липня, дож відвідував церкву по понтонному мосту, який споруджували від Палацу дожів до церкви.","Щороку в третю неділю липня, дож відвідував церкву по понтонному мосту, який споруджували від Палацу дожів до церквою.",,,,,,
uk,73f7421ab2d7317c4b3b0aa3,preposition_case,Пізніше село увійшло до складу численних маєтностей князів Острозьких.,Пізніше село увійшло до склад численних маєтностей князів Острозьких.,,,,,,
uk,a5e848d7b8edc338d6003ab8,preposition_case,Село Глинське знаходиться за 2 км від міста Ізюм.,Село Глинське знаходиться за 2 км від містом Ізюм.,,,,,,
uk,83c0c9e552b808fbe09c3f08,preposition_case,"На північний захід від села бере початок річка Ямпільчик, а у селі — річка Безіменна.","На північний захід від селі бере початок річка Ямпільчик, а у селі — річка Безіменна.",,,,,,
uk,b05070131b1ef8cd581069e5,spelling,Піднесеність переважно не має чітко виражених схилів.,Піднесенсіть переважно не має чітко виражених схилів.,,,,,,
uk,e2f031036e8c23f57c2d92a0,spelling,"Конституція була виправлена і розширена в 1818, встановлюючи істотну автономію для міста.","Конституція була виправлена і розширена в 1818, встановлюючи істотну автоомію для міста.",,,,,,
uk,42b9ef81be347f97d83472d1,spelling,При цьому часто під час будівництва розкривалися античні пласти з амфорами і іншими артефактами.,При цьому чсато під час будівництва розкривалися античні пласти з амфорами і іншими артефактами.,,,,,,
uk,b5c07c2ca92d0e72de645175,spelling,"Після звільнення, в селі працювали сім військово-польових госпіталів.","Після звільнення, в селі прцаювали сім військово-польових госпіталів.",,,,,,
uk,a1eba1fcec79cf5572ca6022,spelling,"Римська імперія поступилася деякими східними провінціями персам у Месопотамії та Вірменії, однак ситуація на кордонах із варварами в Європі стала набагато гіршою.","Римська імперія постпуилася деякими східними провінціями персам у Месопотамії та Вірменії, однак ситуація на кордонах із варварами в Європі стала набагато гіршою.",,,,,,
uk,6d35057ca43df7b186a4be7d,verb_number_agreement,"Воно дозволяє нам скуштувати тіла і крові нашого Господа і з'єднатися з Ним, щоб знайти життя вічне і воскреснути з мертвих у Судний день.","Воно дозволяють нам скуштувати тіла і крові нашого Господа і з'єднатися з Ним, щоб знайти життя вічне і воскреснути з мертвих у Судний день.",,,,,,
uk,a666d2eeef72d04c06c39e06,verb_number_agreement,"У січні вона в середньому становить 4,3 м/с, у липні — 3,2 м/с.","У січні вона в середньому становлять 4,3 м/с, у липні — 3,2 м/с.",,,,,,
uk,e77380e871a59ac7e567c452,verb_number_agreement,"У них відсутня будь-яка ініціатива, вони працюють тільки частину робочого часу, виконуючи найнеобхідніше.","У них відсутня будь-яка ініціатива, вони працює тільки частину робочого часу, виконуючи найнеобхідніше.",,,,,,
uk,7dd39d6d4f14d5dbdf8d9777,verb_number_agreement,"Місто знаходиться у зоні, котра характеризується вологим континентальним кліматом зі спекотним літом.","Місто знаходяться у зоні, котра характеризується вологим континентальним кліматом зі спекотним літом.",,,,,,
uk,1934374b7e51b4bfd00afed1,verb_number_agreement,"Виникла думка, що чим більший період обертання світила, тим на віддаленішій сфері воно знаходиться.","Виникла думка, що чим більший період обертання світила, тим на віддаленішій сфері воно знаходяться.",,,,,,
uk,99d1da950b655a25fc34f8e0,verb_person_agreement,"Рівноважна вологість окремих зернин у зерновій масі неоднакова, оскільки вони мають різні розміри, хімічний склад, виповненість тощо.","Рівноважна вологість окремих зернин у зерновій масі неоднакова, оскільки вони маєте різні розміри, хімічний склад, виповненість тощо.",,,,,,
uk,b09d6aed450069851b0bcaeb,verb_person_agreement,"Закінчивши курси, він вирішує попробувати щастя у Москві, де при Всесоюзному будинку народної творчості відкривалися заочні музичні курси.","Закінчивши курси, він вирішую попробувати щастя у Москві, де при Всесоюзному будинку народної творчості відкривалися заочні музичні курси.",,,,,,
uk,1da75fb54c14d103c06c258c,verb_person_agreement,"Хоча віртуальні інкубатори все ще визначаються у швидко мінливому світі, вони можуть порушити традиційну модель бізнес-інкубації.","Хоча віртуальні інкубатори все ще визначаються у швидко мінливому світі, вони можете порушити традиційну модель бізнес-інкубації.",,,,,,
uk,252e9037e5df736e608ea40e,verb_person_agreement,"Фотографічний твір є охороноздатним за умови, що він є оригінальним.","Фотографічний твір є охороноздатним за умови, що він єси оригінальним.",,,,,,
uk,736e85defdb9edd45533d58c,verb_person_agreement,"Вони їдуть далі в кареті, запряженій кіньми.","Вони їдете далі в кареті, запряженій кіньми.",,,,,,
fi,2dc134fc1f1218d766079590,adjective_case,"Vuosien 1894 ja 1963 välisenä aikana luostari toimi keskusvankilana, joka toimi Clairveux'n kanssa kovimpina pakkotyölaitoksina Ranskassa.","Vuosien 1894 ja 1963 välinen aikana luostari toimi keskusvankilana, joka toimi Clairveux'n kanssa kovimpina pakkotyölaitoksina Ranskassa.",,,,,,
fi,ef77cad412a3389b1da1678f,adjective_case,Se esittää nopeaan tahtiin monia esimerkkejä pahantekijöistä ja heidän kohtaloistaan.,Se esittää nopeassa tahtiin monia esimerkkejä pahantekijöistä ja heidän kohtaloistaan.,,,,,,
fi,e101b223c9518db989d4373a,adjective_case,"Nämä 16 elämän perusmotiivia ovat: valta, riippumattomuus, uteliaisuus, hyväksyntä, järjestys, säästäminen/keräily, kunnia, idealismi, sosiaaliset kontaktit, perhe, status, kosto/voittaminen, romantiikka/esteettisyys, syöminen, ruumiillinen aktiivisuus, ja rauhallisuus/mielen rauha.","Nämä 16 elämän perusmotiivia ovat: valta, riippumattomuus, uteliaisuus, hyväksyntä, järjestys, säästäminen/keräily, kunnia, idealismi, sosiaalisille kontaktit, perhe, status, kosto/voittaminen, romantiikka/esteettisyys, syöminen, ruumiillinen aktiivisuus, ja rauhallisuus/mielen rauha.",,,,,,
fi,2d3f415f50fcd5b199b38647,adjective_case,"Vuonna 1230 Kastilian Ferdinand III nousi myös Leónin valtaistuimelle ja yhdisti jälleen kuningaskunnat, ja seuraavina vuosina valloitettiin Córdoba (1236), Murcia (1243) ja Sevilla (1248).","Vuonna 1230 Kastilian Ferdinand III nousi myös Leónin valtaistuimelle ja yhdisti jälleen kuningaskunnat, ja seuraaviin vuosina valloitettiin Córdoba (1236), Murcia (1243) ja Sevilla (1248).",,,,,,
fi,23d42470aab48b4a66496c6f,adjective_case,"Hän oli ensimmäinen Norsunluurannikolta kotoisin ollut pelaaja, joka on pelannut FC Barcelonassa.","Hän oli ensimmäisen Norsunluurannikolta kotoisin ollut pelaaja, joka on pelannut FC Barcelonassa.",,,,,,
fi,4903365b6ada7d447708a8ff,adjective_number,Karl Friedrich May (25. helmikuuta 1842 – 30. maaliskuuta 1912) oli menestyksekäs saksalainen kirjailija.,Karl Friedrich May (25. helmikuuta 1842 – 30. maaliskuuta 1912) oli menestyksekkäät saksalainen kirjailija.,,,,,,
fi,be2f5f0114ece00534006408,adjective_number,"Tässä YK-tehtävässä oli ollut vasta vuoden päivät, kun ulkoministeri Kalevi Sorsa soitti Helsingistä ja pyysi mukaan pieneen ryhmään, joka valmistelee Euroopan turvallisuuskokousta.","Tässä YK-tehtävässä oli ollut vasta vuoden päivät, kun ulkoministeri Kalevi Sorsa soitti Helsingistä ja pyysi mukaan pieniin ryhmään, joka valmistelee Euroopan turvallisuuskokousta.",,,,,,
fi,2ffba9cb2d85efbee1d0bb05,adjective_number,"Mockridge palasi vuonna 1956 Australiaan, jossa hän voitti useita kilpailuja.","Mockridge palasi vuonna 1956 Australiaan, jossa hän voitti useaa kilpailuja.",,,,,,
fi,0a7dd9c69dc93311ee75cb01,adjective_number,Michiganjärven suurin saari on pohjoisosan Beaver Island.,Michiganjärven suurimmat saari on pohjoisosan Beaver Island.,,,,,,
fi,d6198d5a7bc8b9a5972506c7,adjective_number,Levyllä esiintyy useita suomalaisia artisteja esittäen aiheeseen liittyviä kappaleita.,Levyllä esiintyy useaa suomalaisia artisteja esittäen aiheeseen liittyviä kappaleita.,,,,,,
fi,1960c1818ca73fe648d7d9d7,determiner_case,"Rachel näkee Samaran uhrin, Jaken, kasvoilta ne merkit, jotka näkyvät Samaran tappamisen jälkeen.","Rachel näkee Samaran uhrin, Jaken, kasvoilta niitä merkit, jotka näkyvät Samaran tappamisen jälkeen.",,,,,,
fi,3fab9511e22b453890a97814,determiner_case,"Jijé tuotti tuohon aikaan monta eri sarjakuvaa, joita julkaistiin Spiroussa.","Jijé tuotti tuo aikaan monta eri sarjakuvaa, joita julkaistiin Spiroussa.",,,,,,
fi,7426d6e72cc8019aaf7eadf3,determiner_case,"Archer saa vihiä, että timanttikaivokselle töihin pakotettu ja sieltä karkaamaan onnistunut kalastaja Solomon on löytänyt jättikokoisen timantin ja ehtinyt piilottaa sen kaivoksen alueella.","Archer saa vihiä, että timanttikaivokselle töihin pakotettu ja sieltä karkaamaan onnistunut kalastaja Solomon on löytänyt jättikokoisen timantin ja ehtinyt piilottaa se kaivoksen alueella.",,,,,,
fi,145a582d8d1d282749e57c24,determiner_case,"Rachel käy myös Samaran oikean äidin luona, joka salaperäisesti kehottaa Rachelia tappamaan oman poikansa siinä toivossa, että kirotut henget jättäisivät heidät rauhaan.","Rachel käy myös Samaran oikean äidin luona, joka salaperäisesti kehottaa Rachelia tappamaan oman poikansa se toivossa, että kirotut henget jättäisivät heidät rauhaan.",,,,,,
fi,5ad48971551e2fabde001629,determiner_case,Ne saavuttavat kuitenkin sukukypsyyden ja lisääntyvät tässä vaiheessa.,Ne saavuttavat kuitenkin sukukypsyyden ja lisääntyvät tältä vaiheessa.,,,,,,
fi,7314ae29aabb73f067af4274,determiner_number,Tämän Radioaktiivisen Miehen yhteys Chen Luhun on tuntematon.,Näiden Radioaktiivisen Miehen yhteys Chen Luhun on tuntematon.,,,,,,
fi,49019a3a27f475b668fe1bfb,determiner_number,Luviasta löytyy kuitenkin mainintoja jo keskiajalta lähtien; näissä teksteissä yleensä mainitaan Sassilankylä.,Luviasta löytyy kuitenkin mainintoja jo keskiajalta lähtien; tässä teksteissä yleensä mainitaan Sassilankylä.,,,,,,
fi,3043ab21c1536d3cb2bc542a,determiner_number,Yksi puolueen hänelle antama tehtävä oli taivutella professori Bruno Salmiala eroamaan tämän oikeistolaisen taustan takia.,Yksi puolueen hänelle antama tehtävä oli taivutella professori Bruno Salmiala eroamaan näiden oikeistolaisen taustan takia.,,,,,,
fi,f6dd6d513b2e839a9ceec71c,determiner_number,"Ruunivoikko muistuttaa melko paljon ruunihallakkoa, mutta nämä värit aiheuttavat erilliset geenit.","Ruunivoikko muistuttaa melko paljon ruunihallakkoa, mutta tämä värit aiheuttavat erilliset geenit.",,,,,,
fi,b0b22f758c7c0ad24b1f60fd,determiner_number,Tällä välin Fram oli vapautunut jäistä ja purjehtinut kotiin.,Näillä välin Fram oli vapautunut jäistä ja purjehtinut kotiin.,,,,,,
fi,47d34cf897f28be62bf8c755,spelling,"Naapurimaakuntia ovat Gästrikland, Taalainmaa, Härjedalen ja Medelpad.","Naapurimaakntia ovat Gästrikland, Taalainmaa, Härjedalen ja Medelpad.",,,,,,
fi,32d631a28d2c2aa851e821fc,spelling,Hän on 167 senttimetriä pitkä ja painaa 61 kilogrammaa.,Hän on 167 senttimetriä ptkä ja painaa 61 kilogrammaa.,,,,,,
fi,e3deee36acd0f69f796204fa,spelling,Leinonen on aiempina vuosisatoina ollut Savon yleisimpiä nimiä.,Leinonen on aiempina vuosisatoina ollut Savon yleismpiä nimiä.,,,,,,
fi,3dbaaae1051837528b555236,spelling,Jyväskylän käräjäoikeus tuomitsi 19. syyskuuta 2007 Tukion yhdeksäksi vuodeksi vankeuteen taposta ja törkeästä vammantuottamuksesta.,Jyväskylän käräjäoikeus tuomitsi 19. syyskuuta 2007 Tukion yhdeksäksi vuodeki vankeuteen taposta ja törkeästä vammantuottamuksesta.,,,,,,
fi,d7664f4156809d32ba40e305,spelling,"Chambers on ollut naimisissa Keisha Chambersin kanssa vuodesta 1993 lähtien ja heillä on viisi yhteistä lasta: Isabella (s. 1994), Maya ja Kaila (kaksoset, s. 1996), Eva (s. 1998) ja Jackson (s. 2002).","Chambers on ollut naimisissa Keisha Chambersin kanssa vudoesta 1993 lähtien ja heillä on viisi yhteistä lasta: Isabella (s. 1994), Maya ja Kaila (kaksoset, s. 1996), Eva (s. 1998) ja Jackson (s. 2002).",,,,,,
fi,eac0d6f5c016e69a2cd0373b,verb_number_agreement,"Lisäksi hän pystyy pidentämään raajojaan sekä kasvattamaan kokonsa jopa 50-metriseksi uhraamatta nopeuttaan, ja hän voi taikoa vaatteita ja elottomia esineitä.","Lisäksi hän pystyy pidentämään raajojaan sekä kasvattamaan kokonsa jopa 50-metriseksi uhraamatta nopeuttaan, ja hän voivat taikoa vaatteita ja elottomia esineitä.",,,,,,
fi,32cfe60d8dea8fc9b3b4acb0,verb_number_agreement,"Koska hän ei sodan alettua voinut palata Venäjälle, hän avasi Harrogateen sotilassairaalan, jota varten hän keräsi varoja ystäviensä ja sukulaistensa lisäksi myös paikkakuntalaisilta.","Koska hän eivät sodan alettua voinut palata Venäjälle, hän avasi Harrogateen sotilassairaalan, jota varten hän keräsi varoja ystäviensä ja sukulaistensa lisäksi myös paikkakuntalaisilta.",,,,,,
fi,ab6e4f8466ee98909f7915bc,verb_number_agreement,"Hän teki kuitenkin pitkän uran elokuvateollisuuden palveluksessa, jonka parissa hän aloitti jo vuonna 1934.","Hän tekivät kuitenkin pitkän uran elokuvateollisuuden palveluksessa, jonka parissa hän aloitti jo vuonna 1934.",,,,,,
fi,88e6065fd93b69447add7316,verb_number_agreement,Tämän jälkeen hän 1930-luvulla teki perustutkimusta alkeisreaktioista ja liuosreaktioista.,Tämän jälkeen hän 1930-luvulla tekivät perustutkimusta alkeisreaktioista ja liuosreaktioista.,,,,,,
fi,24334a8aae90d235b2376cb6,verb_number_agreement,Hän on joillain albumeillaan tehnyt yhteistyötä tieteiskirjailija Mercedes Lackeyn kanssa.,Hän ovat joillain albumeillaan tehnyt yhteistyötä tieteiskirjailija Mercedes Lackeyn kanssa.,,,,,,
fi,47a72c0c456ade7354a2458f,verb_person_agreement,Sky ei ole virallisesti hajonnut mutta he eivät ole esiintyneet yhdessä enää vuoden 1994 jälkeen.,Sky ei ole virallisesti hajonnut mutta he ette ole esiintyneet yhdessä enää vuoden 1994 jälkeen.,,,,,,
fi,0b34055b25227de3cee399ca,verb_person_agreement,Hän kertoi muun muassa uusien neuvostojoukkojen tulosta ennen ohjuskriisiä.,Hän kerroin muun muassa uusien neuvostojoukkojen tulosta ennen ohjuskriisiä.,,,,,,
fi,30439653fc12e3712626a27f,verb_person_agreement,"Hänellä on joitain telepaattisia taitoja, joita hän käyttää pääasiallisesti kommunikoidessaan muiden olentojen kanssa.","Hänellä on joitain telepaattisia taitoja, joita hän käytän pääasiallisesti kommunikoidessaan muiden olentojen kanssa.",,,,,,
fi,3da40ccde026f63f9bf5b43c,verb_person_agreement,Hän oli debytoinut valkokankaalla kaksi vuotta aiemmin Tuntemattomassa sotilaassa (1955).,Hän olin debytoinut valkokankaalla kaksi vuotta aiemmin Tuntemattomassa sotilaassa (1955).,,,,,,
fi,de3591b15562d2f85018e160,verb_person_agreement,"Kenraali Rodzjanko hajotti Yhinmäen tappion varjolla 16. kesäkuuta Länsi-Inkerin rykmentin, jonka venäläisvastaista separatismia hän ei muutenkaan hyväksynyt.","Kenraali Rodzjanko hajotti Yhinmäen tappion varjolla 16. kesäkuuta Länsi-Inkerin rykmentin, jonka venäläisvastaista separatismia hän et muutenkaan hyväksynyt.",,,,,,
pt-PT,48660394e8d035789e4888d9,adjective_gender,"Desde então, o mundo exterior permaneceu silencioso por um período de tempo manifestamente longo.","Desde então, o mundo exterior permaneceu silencioso por um período de tempo manifestamente longa.",,,,,,
pt-PT,47dd7c43002d1fd2e898f8ce,adjective_gender,"Esta igualdade pode ser promovida através de uma boa política de coesão, cujas pedras angulares foram já acordadas.","Esta igualdade pode ser promovida através de uma bom política de coesão, cujas pedras angulares foram já acordadas.",,,,,,
pt-PT,84cee991653a828318e62af6,adjective_gender,"Senhoras e Senhores Deputados, Senhor Deputado Schulz, por favor coloquem os vossos auscultadores porque tenha uma proposta específica.","Senhoras e Senhores Deputados, Senhor Deputado Schulz, por favor coloquem os vossos auscultadores porque tenha uma proposta específico.",,,,,,
pt-PT,2be7b4193402fd79605f26e7,adjective_gender,"Mais importante ainda, o próprio prazo de prescrição varia enormemente, entre um e trinta anos, em toda a União Europeia.","Mais importante ainda, o própria prazo de prescrição varia enormemente, entre um e trinta anos, em toda a União Europeia.",,,,,,
pt-PT,f54e00138915f46d66527000,adjective_gender,"O Parlamento Europeu deve apelar a uma fiscalidade a nível europeu sólida e ambientalmente sensível, capaz de contribuir para o desenvolvimento sustentável e para a poupança de energia.","O Parlamento Europeu deve apelar a uma fiscalidade a nível europeia sólida e ambientalmente sensível, capaz de contribuir para o desenvolvimento sustentável e para a poupança de energia.",,,,,,
pt-PT,c5362674baa86d3fd61c63f0,adjective_number,As autoridades regionais poderão fazer as suas próprias escolhas.,As autoridades regional poderão fazer as suas próprias escolhas.,,,,,,
pt-PT,1754a93da3dec76a17841585,adjective_number,"Em segundo lugar, as disposições de flexibilidade visam, de forma mais geral, proteger a diversidade alimentar e ajudar os pequenos produtores.","Em segundo lugar, as disposições de flexibilidade visam, de forma mais gerais, proteger a diversidade alimentar e ajudar os pequenos produtores.",,,,,,
pt-PT,33e056043392da7b3556e479,adjective_number,A comissão criou um novo modelo metodológico que permite avaliar o trabalho de cada comissão parlamentar.,A comissão criou um novos modelo metodológico que permite avaliar o trabalho de cada comissão parlamentar.,,,,,,
pt-PT,d5ecf999710469b54d1c39dc,adjective_number,"Bem, a nova tecnologia traz consigo novos desafios: consideráveis desafios económicos.","Bem, a nova tecnologia traz consigo novos desafios: consideráveis desafios económico.",,,,,,
pt-PT,c1b8e71b66c4913fb3e97289,adjective_number,"Hoje, os nossos serviços aduaneiros são confrontados com novos desafios.","Hoje, os nossos serviços aduaneiros são confrontados com novo desafios.",,,,,,
pt-PT,8f1d6439490a070f6c3368b0,determiner_gender,É possível que estas convicções que defendem constituam um obstáculo significativo a qualquer vontade de obter a cidadania letã.,É possível que estas convicções que defendem constituam uma obstáculo significativo a qualquer vontade de obter a cidadania letã.,,,,,,
pt-PT,f612963c4276c0e26a77b46c,determiner_gender,"Em minha opinião, foi por isso que se desenvolveu o domínio masculino.","Em meu opinião, foi por isso que se desenvolveu o domínio masculino.",,,,,,
pt-PT,50f7bfb0c6732cb3522f4e04,determiner_gender,O relator propõe uma série de medidas válidas que eu não vou voltar a enunciar.,O relator propõe um série de medidas válidas que eu não vou voltar a enunciar.,,,,,,
pt-PT,666318d61e6153d493b87f6b,determiner_gender,A Etiópia é um país com uma longa e prestigiada história.,A Etiópia é um país com um longa e prestigiada história.,,,,,,
pt-PT,53e522f94b9d45e36f0f5ac0,determiner_gender,"Contudo, esta proposta não é o contexto adequado para o efeito.","Contudo, este proposta não é o contexto adequado para o efeito.",,,,,,
pt-PT,8d4972d3d9581f7b691be673,determiner_number,"Como é sabido, a pena de morte não reduz a criminalidade.","Como é sabido, as pena de morte não reduz a criminalidade.",,,,,,
pt-PT,8df190c59391f23c3465fe34,determiner_number,Ambos os documentos proíbem a execução de pessoas com idade inferior a 18 anos.,Ambos o documentos proíbem a execução de pessoas com idade inferior a 18 anos.,,,,,,
pt-PT,0cf3c33b2fcd82f3d3b2b506,determiner_number,"Por outro lado, o documento revelou algumas deficiências.","Por outro lado, os documento revelou algumas deficiências.",,,,,,
pt-PT,88a8035f599df1308e149a24,determiner_number,Isso sublinha a importância de uma gestão adequada de tais direitos.,Isso sublinha as importância de uma gestão adequada de tais direitos.,,,,,,
pt-PT,8219a1fce0be23fa4c193313,determiner_number,As questões que não foram respondidas por falta de tempo irão receber respostas escritas (ver Anexo).,A questões que não foram respondidas por falta de tempo irão receber respostas escritas (ver Anexo).,,,,,,
pt-PT,bac14bfe16b0c9462683af68,governed_infinitive,O mundo não pode permitir uma Europa que faz isso.,O mundo não pode permitiria uma Europa que faz isso.,,,,,,
pt-PT,9146021d29d112bcab69a8e2,governed_infinitive,"Caros Colegas, a Europa, enquanto espaço ancestral de cultura, não pode continuar de braços cruzados perante estes problemas que a fazem sofrer.","Caros Colegas, a Europa, enquanto espaço ancestral de cultura, não pode continuáreis de braços cruzados perante estes problemas que a fazem sofrer.",,,,,,
pt-PT,021d9d8e416eb409f8b44f51,governed_infinitive,"Questões como a construção nacional, a criação de instituições nacionais e a formação de governos fortes capazes de garantir o Estado de direito serão porventura a resposta subjacente que a União Europeia deve dar.","Questões como a construção nacional, a criação de instituições nacionais e a formação de governos fortes capazes de garantir o Estado de direito serão porventura a resposta subjacente que a União Europeia deve daremos.",,,,,,
pt-PT,f93c339e1f89d5bb2ab30770,governed_infinitive,"O mesmo se aplica, quanto a isso, a todos os géneros de serviços adicionais e de seguros que os clientes devem solicitar explicitamente.","O mesmo se aplica, quanto a isso, a todos os géneros de serviços adicionais e de seguros que os clientes devem solicitam explicitamente.",,,,,,
pt-PT,69a262bfc4de4e9aa81a89dd,governed_infinitive,É evidente que um formulário não pode alterar um regimento.,É evidente que um formulário não pode altera um regimento.,,,,,,
pt-PT,436511fcafb67e87ca7fde0e,perfect_verb_form,"Os consumidores, os cidadãos, têm de ser respeitados.","Os consumidores, os cidadãos, têm de ser respeitar.",,,,,,
pt-PT,3398013c3a11d5362ee460db,perfect_verb_form,"Ruanda para agirmos, os direitos humanos têm de ser defendidos em África como em todo o mundo.","Ruanda para agirmos, os direitos humanos têm de ser defendermos em África como em todo o mundo.",,,,,,
pt-PT,89740169ceaba89b3d9a735c,perfect_verb_form,"Depois, o documento tinha de ser enviado para a estância aduaneira por onde o veículo tinha entrado.","Depois, o documento tinha de ser enviardes para a estância aduaneira por onde o veículo tinha entrado.",,,,,,
pt-PT,4df1897a6db63a9de671b511,spelling,"Os direitos humanos são universais, inalienáveis e interdependentes.","Os direitos humans são universais, inalienáveis e interdependentes.",,,,,,
pt-PT,ac5ec5b692c3c1a41404187d,spelling,"Senhor Presidente, a Comissão condenou duramente os atentados contra o Presidente José Ramos-Horta e o Primeiro-Ministro Xanana Gusmão.","Senhor Presidente, a Comissão condenou duamente os atentados contra o Presidente José Ramos-Horta e o Primeiro-Ministro Xanana Gusmão.",,,,,,
pt-PT,fe7849d9f04add3634dd800f,spelling,A Comissão está a fazer os possíveis para facilitar a cooperação.,A Comissão está a fazer os possveis para facilitar a cooperação.,,,,,,
pt-PT,fb2ece0b17f8adcc5360cb3d,spelling,"Sua Santidade provou estar novamente bem de saúde, após a operação, mas nunca pensámos que partilharia todas as suas experiências connosco.","Sua Santidade provou estar novmaente bem de saúde, após a operação, mas nunca pensámos que partilharia todas as suas experiências connosco.",,,,,,
pt-PT,70c24adcc7edb5e6787b1fcf,spelling,"Este é, a meu ver, o maior desafio que todos enfrentamos.","Este é, a meu ver, o maior desafio que todos enfentamos.",,,,,,
pt-PT,0b66d217eaa062e88107d564,verb_number_agreement,Esta empresa deverá criar empregos para muitas pessoas altamente qualificadas.,Esta empresa deverão criar empregos para muitas pessoas altamente qualificadas.,,,,,,
pt-PT,e61db673e9700d9887e51a89,verb_number_agreement,As empresas também precisam de liderança europeia.,As empresas também precisa de liderança europeia.,,,,,,
pt-PT,e400a5d32d440248a53b7e04,verb_number_agreement,O mercado interno pressupõe que qualquer empresa europeia possa ter acesso a aquisições feitas em qualquer Estado-Membro.,O mercado interno pressupõe que qualquer empresa europeia possam ter acesso a aquisições feitas em qualquer Estado-Membro.,,,,,,
pt-PT,6e857bbda56c0287ba3cba1f,verb_number_agreement,"Era isso, afinal, que ele próprio estava a propor.","Era isso, afinal, que ele próprio estavam a propor.",,,,,,
pt-PT,448509820f0293ec90caabfd,verb_person_agreement,Nós precisamos de importar e de exportar.,Nós precisam de importar e de exportar.,,,,,,
pt-PT,fd162c66423e66ac7af8de51,verb_person_agreement,"Todos nós teremos a ganhar, em termos de coesão social e económica, de crescimento sustentável, ou de competitividade.","Todos nós tereis a ganhar, em termos de coesão social e económica, de crescimento sustentável, ou de competitividade.",,,,,,
pt-PT,f4517df55c0a8e36d82c3fc6,verb_person_agreement,"O que se discute é se o FAM, Fundo para o Ambiente Mundial, será a principal fonte de financiamento e onde é que ela se vai situar.","O que se discute é se o FAM, Fundo para o Ambiente Mundial, será a principal fonte de financiamento e onde é que ela se vais situar.",,,,,,
pt-PT,1b4dee560956360e69b43b63,verb_person_agreement,Também elas querem moldar as mudanças que estão a ocorrer.,Também elas queremos moldar as mudanças que estão a ocorrer.,,,,,,
pt-PT,e8e0f6bc325d0059b98f44a7,verb_person_agreement,Elas sabem que precisam de um jornalista íntegro e empenhado para lhes abrir uma janela para o mundo.,Elas sabeis que precisam de um jornalista íntegro e empenhado para lhes abrir uma janela para o mundo.,,,,,,
es,d1622aca636bb155595f8fc9,adjective_gender,Su último conflicto con France 5 data de septiembre de 2003.,Su última conflicto con France 5 data de septiembre de 2003.,,,,,,
es,baf819d555e4f8e78c551f59,adjective_gender,"En el libro El hereje, de Miguel Delibes, el corregidor de origen italiano Carlos de Seso reside en Villamediana, próximo a Logroño.","En el libro El hereje, de Miguel Delibes, el corregidor de origen italiana Carlos de Seso reside en Villamediana, próximo a Logroño.",,,,,,
es,84a1f78f26ab14963777b301,adjective_gender,A principios de 1960 Arriaga era todavía un pequeño pueblo de casi 300 habitantes a las puertas de Vitoria.,A principios de 1960 Arriaga era todavía un pequeña pueblo de casi 300 habitantes a las puertas de Vitoria.,,,,,,
es,957fd40564572c523702e111,adjective_gender,"Junto a Steve Harris, Dave ha sido el único miembro inamovible de Iron Maiden desde su fundación.","Junto a Steve Harris, Dave ha sido el única miembro inamovible de Iron Maiden desde su fundación.",,,,,,
es,a1eaaebc8ec4a897d1e92fde,adjective_gender,Su principal actividad económica es la ganadería y los servicios de administración pública.,Su principal actividad económico es la ganadería y los servicios de administración pública.,,,,,,
es,b543067538992e7423be0a88,adjective_number,"Ruperto Valderrama Miranda (San Fernando, 17 de abril de 1930-5 de junio de 2021) fue un jinete de rodeo chileno.","Ruperto Valderrama Miranda (San Fernando, 17 de abril de 1930-5 de junio de 2021) fue un jinete de rodeo chilenos.",,,,,,
es,efd9cd75f4bffd8f87922a52,adjective_number,El Estatuto de Autonomía de la Región de Murcia es la norma institucional básica de la Región de Murcia.,El Estatuto de Autonomía de la Región de Murcia es la norma institucionales básica de la Región de Murcia.,,,,,,
es,a8b88c0995395660502343d8,adjective_number,"Sus obras más importantes incluyen: Crítica de la razón instrumental (1947) y, en colaboración con Theodor Adorno, Dialéctica de la Ilustración (1947).","Sus obras más importante incluyen: Crítica de la razón instrumental (1947) y, en colaboración con Theodor Adorno, Dialéctica de la Ilustración (1947).",,,,,,
es,beee8345da4e4e455394fe4d,adjective_number,"En sus campos los francos vencieron a los visigodos, consolidando su supremacía regional.","En sus campos los francos vencieron a los visigodos, consolidando su supremacía regionales.",,,,,,
es,5d3f497095b9f1034bdf35c1,adjective_number,Entre el 2005 y el 2006 la banda promociona el álbum en una gira mundial.,Entre el 2005 y el 2006 la banda promociona el álbum en una gira mundiales.,,,,,,
es,cbcd184aac94b55c1fcc285e,determiner_gender,"El sistema de puntuación fue el siguiente: tres puntos para el ganador de un partido, un punto para cada equipo en caso de un empate y sin puntos para el equipo perdedor de un encuentro.","El sistema de puntuación fue el siguiente: tres puntos para el ganador de un partido, un punto para cada equipo en caso de un empate y sin puntos para el equipo perdedor de una encuentro.",,,,,,
es,b4c3c3d4c318f2d4cad91022,determiner_gender,"El jugador 1 ganará entonces 2,85 puntos de media por juego.","La jugador 1 ganará entonces 2,85 puntos de media por juego.",,,,,,
es,3fb02eec238a600f7178760d,determiner_gender,Desde entonces en el imaginario popular existe una asociación incorrecta con estas piezas cerámicas muy coloridas.,Desde entonces en el imaginario popular existe un asociación incorrecta con estas piezas cerámicas muy coloridas.,,,,,,
es,fbde7dbe10c6e9c816fa293a,determiner_gender,"La división de Materiales de Ingeniería vende plásticos, mientras que la división de Aditivos Especiales se ocupa de los aditivos para las industrias de plásticos y lubricantes.","La división de Materiales de Ingeniería vende plásticos, mientras que el división de Aditivos Especiales se ocupa de los aditivos para las industrias de plásticos y lubricantes.",,,,,,
es,9a1faa4a8e3b50f4688b41d9,determiner_gender,Existe un mayor control sobre las aplicaciones que corre el servidor web.,Existe una mayor control sobre las aplicaciones que corre el servidor web.,,,,,,
es,7cdaae804aaa0c7633004e83,determiner_number,El uso de los recursos no renovables debe ser lo más eficiente posible.,El uso de el recursos no renovables debe ser lo más eficiente posible.,,,,,,
es,317ad2e516ebbf9fa0372d16,determiner_number,"Las memorias también tienen escritos suyos sobre anatomía humana, zoología, paleontología y mineralogía.","La memorias también tienen escritos suyos sobre anatomía humana, zoología, paleontología y mineralogía.",,,,,,
es,4b04ca93d2c278d65e79f9de,determiner_number,"Según las primeras averiguaciones, el vehículo no respetó la prioridad y arremetió contra el corredor.","Según las primeras averiguaciones, el vehículo no respetó la prioridad y arremetió contra los corredor.",,,,,,
es,efe6c75f4c7ce29d15b5cc47,determiner_number,"La talla arbórea de un bosque desarrollado debería alcanzar hasta 20 metros de altura, en cambio, actualmente es difícil encontrar encinares con el estrato arbóreo superior a 12 metros.","Las talla arbórea de un bosque desarrollado debería alcanzar hasta 20 metros de altura, en cambio, actualmente es difícil encontrar encinares con el estrato arbóreo superior a 12 metros.",,,,,,
es,9dee5e59cf6851f4d15cf1dc,determiner_number,Las lenguas algonquinas orientales fueron rápidamente reconocidas como familia lingüística desde los primeros contactos de los europeos con los indígenas americanos.,Las lenguas algonquinas orientales fueron rápidamente reconocidas como familia lingüística desde el primeros contactos de los europeos con los indígenas americanos.,,,,,,
es,d8894bf9cdccc224b195f4dc,governed_infinitive,Esto se puede mostrar bajo varios formalismos matemáticos para la mecánica cuántica.,Esto se puede mostraréis bajo varios formalismos matemáticos para la mecánica cuántica.,,,,,,
es,bba85b9342d32a1e3edcea75,governed_infinitive,En los motores de corriente alterna también se puede utilizar la variación de frecuencia.,En los motores de corriente alterna también se puede utilizáis la variación de frecuencia.,,,,,,
es,37a747bc08bf4f5cd527a032,governed_infinitive,"Muchas de ellas se pueden situar en placas, por lo que sus raíces pueden recibir corrientes de aire y aguantar ciclos de humedad o sequía.","Muchas de ellas se pueden situaría en placas, por lo que sus raíces pueden recibir corrientes de aire y aguantar ciclos de humedad o sequía.",,,,,,
es,c70474972c55e52101816fca,governed_infinitive,"En su turno, el jugador puede elegir una dirección de desplazamiento para el Neutrón y otra dirección para su ficha.","En su turno, el jugador puede elegiríais una dirección de desplazamiento para el Neutrón y otra dirección para su ficha.",,,,,,
es,94b2dfbc23f007f55921e886,governed_infinitive,"A esto, se le debe añadir que Venezuela se encuentra geográficamente lejos de los países más interesados.","A esto, se le debe añadíamos que Venezuela se encuentra geográficamente lejos de los países más interesados.",,,,,,
es,54087d02aff9a666c266bf75,perfect_verb_form,"Los cortesanos, creyendo que la reina había conseguido su propósito, le rindieron pleitesía.","Los cortesanos, creyendo que la reina había conseguir su propósito, le rindieron pleitesía.",,,,,,
es,234fe72cae2028e0c5c9d774,perfect_verb_form,"A pesar de que estaba disfrazado para el mundo por el cambio de identidad que habían hecho las hechiceras, la Fuente sintió que en realidad era el Guía Blanco de ellas.","A pesar de que estaba disfrazado para el mundo por el cambio de identidad que habían hacer las hechiceras, la Fuente sintió que en realidad era el Guía Blanco de ellas.",,,,,,
es,6785c11f0476db8697aa24e7,perfect_verb_form,Galicia: es el nombre que ha sido utilizado por siete buques de la Armada Española.,Galicia: es el nombre que ha sido utilizar por siete buques de la Armada Española.,,,,,,
es,ae741f2a0ac8ad2c3deaae57,perfect_verb_form,"Esta banda ha sido acusada de múltiples crímenes, delitos de robo y tráfico de drogas en Puerto Rico, Estados Unidos y España, donde ha tenido presencia.","Esta banda ha sido acusada de múltiples crímenes, delitos de robo y tráfico de drogas en Puerto Rico, Estados Unidos y España, donde ha tener presencia.",,,,,,
es,6a3563b5bd8654b2696180f5,perfect_verb_form,"Otra fiesta que, con el paso de los años, se ha ido haciendo más popular, es la Feria de Artesanía que se celebra el tercer fin de semana en agosto, la cual dura cuatro días.","Otra fiesta que, con el paso de los años, se ha ir haciendo más popular, es la Feria de Artesanía que se celebra el tercer fin de semana en agosto, la cual dura cuatro días.",,,,,,
es,42b9f798da681838a3b17beb,spelling,"El carácter mesiánico y divino de Jesús se reafirma en San Pablo, así como el concepto de su acción redentora.","El carácter mseiánico y divino de Jesús se reafirma en San Pablo, así como el concepto de su acción redentora.",,,,,,
es,33ee89712b792a6cb8ea4d70,spelling,"Diana Lázaro (Madrid, 13 de abril de 1971) es una actriz y presentadora española.","Diana Lázaro (Madrid, 13 de abril de 1971) es una actriz y presentdora española.",,,,,,
es,08200f9a47f547e1ef1bf387,spelling,Desde entonces es su hijo Josep el que continúa la obra de su padre.,Desde entonces es su hijo Josep el que continúa la obra de su pade.,,,,,,
es,10d47b6eb0bff88a8248b36e,spelling,"En ellas, resultó vencedor el PP con mayoría absoluta, con Manuel Fraga como Presidente de la Junta de Galicia.","En ellas, resultó vencedor el PP con mayroía absoluta, con Manuel Fraga como Presidente de la Junta de Galicia.",,,,,,
es,a30ad27ca4761927ddfcb197,spelling,"Thomas William Hamilton nació en Colorado Springs, hijo de George y Betty Hamilton.","Thomas William Hamilton nacó en Colorado Springs, hijo de George y Betty Hamilton.",,,,,,
es,95fcede42367ed854a6dff18,verb_number_agreement,"Cuando en 1860 la ciudad recibió derechos especiales de comercio y restricciones contra esta industria fueron desmanteladas, los aserraderos locales empezaron a prosperar.","Cuando en 1860 la ciudad recibieron derechos especiales de comercio y restricciones contra esta industria fueron desmanteladas, los aserraderos locales empezaron a prosperar.",,,,,,
es,1ae4201f6e6d77c87cf7aa31,verb_number_agreement,"Los primeros estudiantes debían tener entre 15 y 18 años de edad, saber leer y escribir y conocer las operaciones aritméticas.","Los primeros estudiantes debía tener entre 15 y 18 años de edad, saber leer y escribir y conocer las operaciones aritméticas.",,,,,,
es,31df4ed0f3a37063253c4df8,verb_number_agreement,Él fue el primer inglés en ser elegido para el Parlamento por un escaño escocés.,Él fueron el primer inglés en ser elegido para el Parlamento por un escaño escocés.,,,,,,
es,0989f112d96c2e04e83c2c84,verb_number_agreement,"Este libro ha supuesto un impacto considerable, ya que arroja serias dudas sobre una serie de presupuestos de moda en la evolución.","Este libro han supuesto un impacto considerable, ya que arroja serias dudas sobre una serie de presupuestos de moda en la evolución.",,,,,,
es,8d0da02b7cc8fbf5994e9301,verb_number_agreement,Ella estaba entre las princesas solteras en 1622.,Ella estaban entre las princesas solteras en 1622.,,,,,,
es,3ef2bd3e16d59223fe01b0bb,verb_person_agreement,"Ellos no están todo el tiempo cerca de ella, pero sí cuando los necesita.","Ellos no estáis todo el tiempo cerca de ella, pero sí cuando los necesita.",,,,,,
es,6048736d7d8bba6b57d464d1,verb_person_agreement,"Dentro de su historia previa, ella tuvo un romance con el arqueólogo Seta, el cual no prosperó la relación amorosa.","Dentro de su historia previa, ella tuve un romance con el arqueólogo Seta, el cual no prosperó la relación amorosa.",,,,,,
el,1bcb1ddce4bda5cc7b41a995,adjective_case,"Για να βρεθεί το άθροισμα περισσοτέρων ευθυγράμμων τμημάτων, μετά το άθροισμα των δύο πρώτων προστίθεται το τρίτο και συνεχίζεται η πρόσθεση όλων των τμημάτων.","Για να βρεθεί το άθροισμα περισσοτέρων ευθυγράμμων τμημάτων, μετά το άθροισμα των δύο πρώτων προστίθεται το τρίτο και συνεχίζεται η πρόσθεση όλα των τμημάτων.",,,,,,
el,69aec3e81743c5df0425982e,adjective_case,Λίγο καιρό νωρίτερα οι Γερμανοί είχαν εκτελέσει και τον αδερφό του.,Λίγου καιρό νωρίτερα οι Γερμανοί είχαν εκτελέσει και τον αδερφό του.,,,,,,
el,c1961c5825dd62bf68e47aa0,adjective_case,Το εκκλησάκι σήμερα είναι χτισμένο λίγα μέτρα πιο δίπλα από τα ερείπια.,Το εκκλησάκι σήμερα είναι χτισμένο λίγων μέτρα πιο δίπλα από τα ερείπια.,,,,,,
el,1d7655608ee6689ebc6fe462,adjective_gender,Τον Αύγουστο του 1975 παντρεύτηκε τον πρώην δήμαρχο Σπάτων και πρώην βουλευτή Δήμο Μπότσαρη και χώρισαν μετά από λίγο καιρό.,Τον Αύγουστο του 1975 παντρεύτηκε τον πρώην δήμαρχο Σπάτων και πρώην βουλευτή Δήμο Μπότσαρη και χώρισαν μετά από λίγη καιρό.,,,,,,
el,a99c516ae307056f7368fb5a,adjective_gender,Το χαρτονόμισμα των 2 δολαρίων αποσύρθηκε το 1989 και τον επόμενο χρόνο το τραπεζογραμμάτιο του 1 δολαρίου αντικαταστάθηκε από ένα κέρμα.,Το χαρτονόμισμα των 2 δολαρίων αποσύρθηκε το 1989 και τον επόμενη χρόνο το τραπεζογραμμάτιο του 1 δολαρίου αντικαταστάθηκε από ένα κέρμα.,,,,,,
el,05983af96c9346862f9ce542,adjective_number,Ο Βουτσαράς είναι κεντρικό χωριό σε ένα σύμπλεγμα πολλών μικρών οικισμών δυτικά των Ιωαννίνων.,Ο Βουτσαράς είναι κεντρικά χωριό σε ένα σύμπλεγμα πολλών μικρών οικισμών δυτικά των Ιωαννίνων.,,,,,,
el,c5b09f7918092967b2b16a9f,adjective_number,"Αγωνιστικά τα ζευγάρια του πρώτου γύρου αγωνίστηκαν και πάλι με γεωγραφικά κριτήρια, ενώ από τον Β' γύρο και μετά η κλήρωση ήταν ελεύθερη.","Αγωνιστικά τα ζευγάρια του πρώτου γύρου αγωνίστηκαν και πάλι με γεωγραφικό κριτήρια, ενώ από τον Β' γύρο και μετά η κλήρωση ήταν ελεύθερη.",,,,,,
el,d8f2274fdeaa5ad9e4a9798b,adjective_number,Το χωριό κατοικείται από τα αρχαία χρόνια.,Το χωριό κατοικείται από τα αρχαίο χρόνια.,,,,,,
el,afc5af5479b7c44a75bcfab8,adjective_number,Μετά την πυρκαγιά περιμετρικά του κεντρικού χώρου προστέθηκαν εξωτερικά καταστήματα.,Μετά την πυρκαγιά περιμετρικά του κεντρικών χώρου προστέθηκαν εξωτερικά καταστήματα.,,,,,,
el,93beaa14ada3f9c80a113d6c,determiner_case,Με τον τρόπο αυτό απαλλάχθηκαν οι Αχαιοί από την αρρώστια.,Με ο τρόπο αυτό απαλλάχθηκαν οι Αχαιοί από την αρρώστια.,,,,,,
el,43bf51a073b2e87f1233a1ac,determiner_case,Έχει υποστηριχθεί ότι η ποιότητα των λημμάτων τείνει να βελτιώνεται με τον χρόνο.,Έχει υποστηριχθεί ότι η ποιότητα των λημμάτων τείνει να βελτιώνεται με ο χρόνο.,,,,,,
el,2189ded613ccf1cc3e945cb4,determiner_case,Το αντιδιαμετρικό αυτό σημείο του πραγματικού ονομάζεται φανταστικό είδωλο.,Το αντιδιαμετρικό αυτού σημείο του πραγματικού ονομάζεται φανταστικό είδωλο.,,,,,,
el,03c0b41421dc647fd4cde3bf,determiner_case,Η αναμετάδοση των πρώτων εικόνων του φεγγαριού αναμένονται για τα τέλη Νοεμβρίου.,Η αναμετάδοση οι πρώτων εικόνων του φεγγαριού αναμένονται για τα τέλη Νοεμβρίου.,,,,,,
el,c3eb6c819c58af47810ba04d,determiner_case,Το τελικό χρώμα προκύπτει από τον συνδυασμό των τριών.,Το τελικό χρώμα προκύπτει από ο συνδυασμό των τριών.,,,,,,
el,5fbfaceae2082cd843dbacec,determiner_gender,Γρήγορα η Εύα αρχίζει με αυτόν τον τρόπο να κερδίζει επιπλέον χρήματα εν αγνοία του Μηνά.,Γρήγορα η Εύα αρχίζει με αυτόν τη τρόπο να κερδίζει επιπλέον χρήματα εν αγνοία του Μηνά.,,,,,,
el,c47cd757e40d85ea965bf800,determiner_gender,Το κόκκινο και πράσινο χρώμα συνδέονται παραδοσιακά και ιστορικά με τη χώρα.,Το κόκκινο και πράσινο χρώμα συνδέονται παραδοσιακά και ιστορικά με το χώρα.,,,,,,
el,6ea04fc0a24b15d282994560,determiner_gender,"Κατά τη διάρκεια του Β' Π.Π., η εταιρεία συνέχισε την παραγωγή αυτοκινήτων, αλλά με ενισχυμένα αμαξώματα.","Κατά το διάρκεια του Β' Π.Π., η εταιρεία συνέχισε την παραγωγή αυτοκινήτων, αλλά με ενισχυμένα αμαξώματα.",,,,,,
el,def9706f510136eff8878518,determiner_gender,Μία αχνή σκοτεινή μορφή διαγράφεται μπροστά από το σκύλο.,Ένα αχνή σκοτεινή μορφή διαγράφεται μπροστά από το σκύλο.,,,,,,
el,f29358ff86b49fb04c0b9178,determiner_gender,Υπάρχουν ορισμένοι τύποι και συνδυασμοί των ναυταπατών που συναντώνται κατά τη διεξαγωγή του εμπορίου και των μεταφορών.,Υπάρχουν ορισμένοι τύποι και συνδυασμοί των ναυταπατών που συναντώνται κατά το διεξαγωγή του εμπορίου και των μεταφορών.,,,,,,
el,e41011e7ae9ef25e7598c679,determiner_number,"Το αλογίσιο σώμα των Κενταύρων είναι βερνικωμένο, το αίμα κόκκινο.","Τα αλογίσιο σώμα των Κενταύρων είναι βερνικωμένο, το αίμα κόκκινο.",,,,,,
el,86c48384e2402ca20e98f7b7,determiner_number,Η Νομική επιστήμη ασχολείται με την ερμηνεία και εφαρμογή των κανόνων δικαίου.,Η Νομική επιστήμη ασχολείται με την ερμηνεία και εφαρμογή του κανόνων δικαίου.,,,,,,
el,8c3ce269df2dd433553a0ce4,determiner_number,Αυτή η παράδοση έχει χαρακτηριστεί πλασματική και συμπτωματική ερμηνεία.,Αυτή οι παράδοση έχει χαρακτηριστεί πλασματική και συμπτωματική ερμηνεία.,,,,,,
el,7a51fef1a334de03e800ebac,determiner_number,Η επιτυχία αυτή επέτρεψε την επιτυχή του ευρωπαϊκή σταδιοδρομία.,Οι επιτυχία αυτή επέτρεψε την επιτυχή του ευρωπαϊκή σταδιοδρομία.,,,,,,
el,b7a7ab75cd1df276fc3721f7,determiner_number,Αυτή η έκδοση αντικατέστησε την αντίστοιχη μετάφραση του 1917.,Αυτή οι έκδοση αντικατέστησε την αντίστοιχη μετάφραση του 1917.,,,,,,
el,85186c8e60c49e8a195a3662,spelling,Ιδιαίτερα αντέδρασαν οι Σέρβοι και οι Κροάτες.,Ιδιαιτερα αντέδρασαν οι Σέρβοι και οι Κροάτες.,,,,,,
el,bfa3174d1be02b3219187579,spelling,"Έτσι, ο Γιώργος πείθει τον Μανώλη να βγουν ζευγάρια.","Έτσι, ο Γιώργος πείθει τον Μανώλη να βογυν ζευγάρια.",,,,,,
el,a32fa54402a9a0233c77d705,spelling,Έκτοτε το αξίωμα του (συμβολικού δημάρχου) έχει αποκατασταθεί.,Έκτοτε το αξίωμα του (συμβολικού δημαρχου) έχει αποκατασταθεί.,,,,,,
el,51904b051aca8935035096ee,spelling,"Το ίδιο συμβαίνει αν η πρόσμιξη γίνει με άτομο που αφαιρεί ηλεκτρόνιο (βόριο, αργίλιο ή γάλλιο).","Το ίδιο συμβαίνει αν η πρόσμιξη γίνει με άτομο που αφαιρεί ηλεκτρόνιο (βόριο, αργίλιο ή γαλλιο).",,,,,,
el,2206be0f217884728bf33843,spelling,Το Ματσούκι είναι ορεινό χωριό του νομού Ιωαννίνων.,Το Ματσούκι είναι ορενιό χωριό του νομού Ιωαννίνων.,,,,,,
el,e25dc7cadea90fabf4bf6a34,verb_number_agreement,Η πόλη έχει μεικτό πληθυσμό Αλβανών και Ελλήνων.,Η πόλη έχουν μεικτό πληθυσμό Αλβανών και Ελλήνων.,,,,,,
el,187946cec1ad027fd331a2b9,verb_person_agreement,Αυτή είναι η αριστοτελική λύση για το πρόβλημα των καθολικών.,Αυτή είμαι η αριστοτελική λύση για το πρόβλημα των καθολικών.,,,,,,
el,205849474e4e6bf2a571b025,verb_person_agreement,Αυτή θα μπορούσε να του δώσει τη δυνατότητα να διεκδικήσει τρίτη προεδρική θητεία.,Αυτή θα μπορούσα να του δώσει τη δυνατότητα να διεκδικήσει τρίτη προεδρική θητεία.,,,,,,
el,e969a536711b570c615f64fd,verb_person_agreement,"Εναλλακτικά μπορεί να χρησιμοποιηθεί κάποια άλλη δομή δεδομένων, αλλά είναι απαραίτητο αυτή να υποστηρίζει την τυχαία προσπέλαση σε σταθερό χρόνο, ώστε να διατηρηθεί η λογαριθμική ταχύτητα του αλγορίθμου.","Εναλλακτικά μπορεί να χρησιμοποιηθεί κάποια άλλη δομή δεδομένων, αλλά είμαι απαραίτητο αυτή να υποστηρίζει την τυχαία προσπέλαση σε σταθερό χρόνο, ώστε να διατηρηθεί η λογαριθμική ταχύτητα του αλγορίθμου.",,,,,,
